--
-- PostgreSQL database dump
--

\restrict oPcjYjgEStXLwaAFCZcNFUY8tIaRQvbAA3dqjqJF3Bs1shkUXJNXaYefMyJSOe5

-- Dumped from database version 16.11
-- Dumped by pg_dump version 16.11

SET statement_timeout = 0;
SET lock_timeout = 0;
SET idle_in_transaction_session_timeout = 0;
SET client_encoding = 'UTF8';
SET standard_conforming_strings = on;
SELECT pg_catalog.set_config('search_path', '', false);
SET check_function_bodies = false;
SET xmloption = content;
SET client_min_messages = warning;
SET row_security = off;

SET default_tablespace = '';

SET default_table_access_method = heap;

--
-- Name: TB_ANEXO_SERVICO; Type: TABLE; Schema: public; Owner: cyrius_admin
--

CREATE TABLE public."TB_ANEXO_SERVICO" (
    id bigint NOT NULL,
    arquivo character varying(100) NOT NULL,
    tipo character varying(20) NOT NULL,
    descricao character varying(100) NOT NULL,
    uploaded_at timestamp with time zone NOT NULL,
    os_id bigint NOT NULL
);


ALTER TABLE public."TB_ANEXO_SERVICO" OWNER TO cyrius_admin;

--
-- Name: TB_ANEXO_SERVICO_id_seq; Type: SEQUENCE; Schema: public; Owner: cyrius_admin
--

ALTER TABLE public."TB_ANEXO_SERVICO" ALTER COLUMN id ADD GENERATED BY DEFAULT AS IDENTITY (
    SEQUENCE NAME public."TB_ANEXO_SERVICO_id_seq"
    START WITH 1
    INCREMENT BY 1
    NO MINVALUE
    NO MAXVALUE
    CACHE 1
);


--
-- Name: TB_APONTAMENTO_HORAS; Type: TABLE; Schema: public; Owner: cyrius_admin
--

CREATE TABLE public."TB_APONTAMENTO_HORAS" (
    id bigint NOT NULL,
    horas_gastas numeric(5,2) NOT NULL,
    descricao_tecnica character varying(255) NOT NULL,
    data_apontamento timestamp with time zone NOT NULL,
    chamado_tecnico_id bigint NOT NULL
);


ALTER TABLE public."TB_APONTAMENTO_HORAS" OWNER TO cyrius_admin;

--
-- Name: TB_APONTAMENTO_HORAS_id_seq; Type: SEQUENCE; Schema: public; Owner: cyrius_admin
--

ALTER TABLE public."TB_APONTAMENTO_HORAS" ALTER COLUMN id ADD GENERATED BY DEFAULT AS IDENTITY (
    SEQUENCE NAME public."TB_APONTAMENTO_HORAS_id_seq"
    START WITH 1
    INCREMENT BY 1
    NO MINVALUE
    NO MAXVALUE
    CACHE 1
);


--
-- Name: TB_ATIVO; Type: TABLE; Schema: public; Owner: cyrius_admin
--

CREATE TABLE public."TB_ATIVO" (
    id bigint NOT NULL,
    nome character varying(100) NOT NULL,
    tipo character varying(20) NOT NULL,
    marca_modelo character varying(100) NOT NULL,
    processador character varying(100) NOT NULL,
    memoria_ram character varying(50) NOT NULL,
    armazenamento character varying(100) NOT NULL,
    sistema_operacional character varying(50) NOT NULL,
    anydesk_id character varying(50) NOT NULL,
    usuario_local character varying(50) NOT NULL,
    senha_local character varying(100) NOT NULL,
    ip_local character varying(20) NOT NULL,
    cliente_id bigint NOT NULL
);


ALTER TABLE public."TB_ATIVO" OWNER TO cyrius_admin;

--
-- Name: TB_ATIVO_id_seq; Type: SEQUENCE; Schema: public; Owner: cyrius_admin
--

ALTER TABLE public."TB_ATIVO" ALTER COLUMN id ADD GENERATED BY DEFAULT AS IDENTITY (
    SEQUENCE NAME public."TB_ATIVO_id_seq"
    START WITH 1
    INCREMENT BY 1
    NO MINVALUE
    NO MAXVALUE
    CACHE 1
);


--
-- Name: TB_CHAMADO; Type: TABLE; Schema: public; Owner: cyrius_admin
--

CREATE TABLE public."TB_CHAMADO" (
    id bigint NOT NULL,
    created_at timestamp with time zone NOT NULL,
    updated_at timestamp with time zone NOT NULL,
    titulo character varying(100) NOT NULL,
    descricao_detalhada text NOT NULL,
    origem character varying(50) NOT NULL,
    status character varying(20) NOT NULL,
    prioridade character varying(20) NOT NULL,
    tipo_atendimento character varying(20) NOT NULL,
    data_agendamento timestamp with time zone,
    custo_ida numeric(10,2) NOT NULL,
    custo_volta numeric(10,2) NOT NULL,
    custo_transporte numeric(10,2) NOT NULL,
    protocolo character varying(30) NOT NULL,
    data_abertura timestamp with time zone NOT NULL,
    data_fechamento timestamp with time zone,
    ativo_id bigint,
    cliente_id bigint NOT NULL,
    financeiro_gerado boolean NOT NULL,
    valor_servico numeric(10,2) NOT NULL,
    arquivo_conclusao character varying(100),
    arquivo_1 character varying(100),
    arquivo_2 character varying(100),
    foto_antes character varying(100),
    foto_depois character varying(100),
    resolucao text,
    tecnico_id bigint
);


ALTER TABLE public."TB_CHAMADO" OWNER TO cyrius_admin;

--
-- Name: TB_CHAMADO_TECNICO; Type: TABLE; Schema: public; Owner: cyrius_admin
--

CREATE TABLE public."TB_CHAMADO_TECNICO" (
    id bigint NOT NULL,
    horas_trabalhadas numeric(5,2) NOT NULL,
    chamado_id bigint NOT NULL,
    tecnico_id bigint NOT NULL
);


ALTER TABLE public."TB_CHAMADO_TECNICO" OWNER TO cyrius_admin;

--
-- Name: TB_CHAMADO_TECNICO_id_seq; Type: SEQUENCE; Schema: public; Owner: cyrius_admin
--

ALTER TABLE public."TB_CHAMADO_TECNICO" ALTER COLUMN id ADD GENERATED BY DEFAULT AS IDENTITY (
    SEQUENCE NAME public."TB_CHAMADO_TECNICO_id_seq"
    START WITH 1
    INCREMENT BY 1
    NO MINVALUE
    NO MAXVALUE
    CACHE 1
);


--
-- Name: TB_CHAMADO_id_seq; Type: SEQUENCE; Schema: public; Owner: cyrius_admin
--

ALTER TABLE public."TB_CHAMADO" ALTER COLUMN id ADD GENERATED BY DEFAULT AS IDENTITY (
    SEQUENCE NAME public."TB_CHAMADO_id_seq"
    START WITH 1
    INCREMENT BY 1
    NO MINVALUE
    NO MAXVALUE
    CACHE 1
);


--
-- Name: TB_CLIENTE; Type: TABLE; Schema: public; Owner: cyrius_admin
--

CREATE TABLE public."TB_CLIENTE" (
    id bigint NOT NULL,
    created_at timestamp with time zone NOT NULL,
    updated_at timestamp with time zone NOT NULL,
    razao_social character varying(100) NOT NULL,
    cpf character varying(11),
    cnpj character varying(18),
    endereco character varying(150) NOT NULL,
    valor_contrato_mensal numeric(10,2) NOT NULL,
    dia_vencimento smallint NOT NULL,
    tipo_cliente character varying(20) NOT NULL,
    ativo boolean NOT NULL,
    foto character varying(100),
    nome character varying(100),
    CONSTRAINT "TB_CLIENTE_dia_vencimento_check" CHECK ((dia_vencimento >= 0))
);


ALTER TABLE public."TB_CLIENTE" OWNER TO cyrius_admin;

--
-- Name: TB_CLIENTE_id_seq; Type: SEQUENCE; Schema: public; Owner: cyrius_admin
--

ALTER TABLE public."TB_CLIENTE" ALTER COLUMN id ADD GENERATED BY DEFAULT AS IDENTITY (
    SEQUENCE NAME public."TB_CLIENTE_id_seq"
    START WITH 1
    INCREMENT BY 1
    NO MINVALUE
    NO MAXVALUE
    CACHE 1
);


--
-- Name: TB_CONTATO_CLIENTE; Type: TABLE; Schema: public; Owner: cyrius_admin
--

CREATE TABLE public."TB_CONTATO_CLIENTE" (
    id bigint NOT NULL,
    nome character varying(100) NOT NULL,
    cargo character varying(50) NOT NULL,
    telefone character varying(20) NOT NULL,
    email character varying(254) NOT NULL,
    is_principal boolean NOT NULL,
    cliente_id bigint NOT NULL
);


ALTER TABLE public."TB_CONTATO_CLIENTE" OWNER TO cyrius_admin;

--
-- Name: TB_CONTATO_CLIENTE_id_seq; Type: SEQUENCE; Schema: public; Owner: cyrius_admin
--

ALTER TABLE public."TB_CONTATO_CLIENTE" ALTER COLUMN id ADD GENERATED BY DEFAULT AS IDENTITY (
    SEQUENCE NAME public."TB_CONTATO_CLIENTE_id_seq"
    START WITH 1
    INCREMENT BY 1
    NO MINVALUE
    NO MAXVALUE
    CACHE 1
);


--
-- Name: TB_CONTA_EMAIL; Type: TABLE; Schema: public; Owner: cyrius_admin
--

CREATE TABLE public."TB_CONTA_EMAIL" (
    id bigint NOT NULL,
    email character varying(254) NOT NULL,
    senha character varying(100) NOT NULL,
    nome_usuario character varying(100) NOT NULL,
    provedor character varying(50) NOT NULL,
    cliente_id bigint NOT NULL
);


ALTER TABLE public."TB_CONTA_EMAIL" OWNER TO cyrius_admin;

--
-- Name: TB_CONTA_EMAIL_id_seq; Type: SEQUENCE; Schema: public; Owner: cyrius_admin
--

ALTER TABLE public."TB_CONTA_EMAIL" ALTER COLUMN id ADD GENERATED BY DEFAULT AS IDENTITY (
    SEQUENCE NAME public."TB_CONTA_EMAIL_id_seq"
    START WITH 1
    INCREMENT BY 1
    NO MINVALUE
    NO MAXVALUE
    CACHE 1
);


--
-- Name: TB_CONTRATO_CLIENTE; Type: TABLE; Schema: public; Owner: cyrius_admin
--

CREATE TABLE public."TB_CONTRATO_CLIENTE" (
    id bigint NOT NULL,
    arquivo character varying(100) NOT NULL,
    descricao character varying(200) NOT NULL,
    data_upload timestamp with time zone NOT NULL,
    cliente_id bigint NOT NULL
);


ALTER TABLE public."TB_CONTRATO_CLIENTE" OWNER TO cyrius_admin;

--
-- Name: TB_CONTRATO_CLIENTE_id_seq; Type: SEQUENCE; Schema: public; Owner: cyrius_admin
--

ALTER TABLE public."TB_CONTRATO_CLIENTE" ALTER COLUMN id ADD GENERATED BY DEFAULT AS IDENTITY (
    SEQUENCE NAME public."TB_CONTRATO_CLIENTE_id_seq"
    START WITH 1
    INCREMENT BY 1
    NO MINVALUE
    NO MAXVALUE
    CACHE 1
);


--
-- Name: TB_DESPESA_RECORRENTE; Type: TABLE; Schema: public; Owner: cyrius_admin
--

CREATE TABLE public."TB_DESPESA_RECORRENTE" (
    id bigint NOT NULL,
    descricao character varying(255) NOT NULL,
    valor numeric(10,2) NOT NULL,
    categoria character varying(20) NOT NULL,
    dia_vencimento integer NOT NULL,
    ativo boolean NOT NULL,
    ultima_geracao date,
    created_at timestamp with time zone NOT NULL
);


ALTER TABLE public."TB_DESPESA_RECORRENTE" OWNER TO cyrius_admin;

--
-- Name: TB_DESPESA_RECORRENTE_id_seq; Type: SEQUENCE; Schema: public; Owner: cyrius_admin
--

ALTER TABLE public."TB_DESPESA_RECORRENTE" ALTER COLUMN id ADD GENERATED BY DEFAULT AS IDENTITY (
    SEQUENCE NAME public."TB_DESPESA_RECORRENTE_id_seq"
    START WITH 1
    INCREMENT BY 1
    NO MINVALUE
    NO MAXVALUE
    CACHE 1
);


--
-- Name: TB_DOCUMENTACAO_TECNICA; Type: TABLE; Schema: public; Owner: cyrius_admin
--

CREATE TABLE public."TB_DOCUMENTACAO_TECNICA" (
    id bigint NOT NULL,
    configuracao_mikrotik text NOT NULL,
    topologia_rede text NOT NULL,
    estrutura_servidores text NOT NULL,
    rotina_backup text NOT NULL,
    pontos_fracos_melhorias text NOT NULL,
    updated_at timestamp with time zone NOT NULL,
    cliente_id bigint NOT NULL
);


ALTER TABLE public."TB_DOCUMENTACAO_TECNICA" OWNER TO cyrius_admin;

--
-- Name: TB_DOCUMENTACAO_TECNICA_id_seq; Type: SEQUENCE; Schema: public; Owner: cyrius_admin
--

ALTER TABLE public."TB_DOCUMENTACAO_TECNICA" ALTER COLUMN id ADD GENERATED BY DEFAULT AS IDENTITY (
    SEQUENCE NAME public."TB_DOCUMENTACAO_TECNICA_id_seq"
    START WITH 1
    INCREMENT BY 1
    NO MINVALUE
    NO MAXVALUE
    CACHE 1
);


--
-- Name: TB_EQUIPAMENTO_ENTRADA; Type: TABLE; Schema: public; Owner: cyrius_admin
--

CREATE TABLE public."TB_EQUIPAMENTO_ENTRADA" (
    id bigint NOT NULL,
    marca_modelo character varying(100) NOT NULL,
    numero_serie character varying(50),
    defeito_relatado text NOT NULL,
    data_entrada date NOT NULL,
    data_prevista_entrega date NOT NULL,
    chamado_id bigint NOT NULL
);


ALTER TABLE public."TB_EQUIPAMENTO_ENTRADA" OWNER TO cyrius_admin;

--
-- Name: TB_EQUIPAMENTO_ENTRADA_id_seq; Type: SEQUENCE; Schema: public; Owner: cyrius_admin
--

ALTER TABLE public."TB_EQUIPAMENTO_ENTRADA" ALTER COLUMN id ADD GENERATED BY DEFAULT AS IDENTITY (
    SEQUENCE NAME public."TB_EQUIPAMENTO_ENTRADA_id_seq"
    START WITH 1
    INCREMENT BY 1
    NO MINVALUE
    NO MAXVALUE
    CACHE 1
);


--
-- Name: TB_EQUIPE; Type: TABLE; Schema: public; Owner: cyrius_admin
--

CREATE TABLE public."TB_EQUIPE" (
    id bigint NOT NULL,
    nome character varying(100) NOT NULL,
    foto character varying(100),
    cargo character varying(50) NOT NULL,
    custo_hora numeric(10,2) NOT NULL,
    usuario_id integer
);


ALTER TABLE public."TB_EQUIPE" OWNER TO cyrius_admin;

--
-- Name: TB_EQUIPE_id_seq; Type: SEQUENCE; Schema: public; Owner: cyrius_admin
--

ALTER TABLE public."TB_EQUIPE" ALTER COLUMN id ADD GENERATED BY DEFAULT AS IDENTITY (
    SEQUENCE NAME public."TB_EQUIPE_id_seq"
    START WITH 1
    INCREMENT BY 1
    NO MINVALUE
    NO MAXVALUE
    CACHE 1
);


--
-- Name: TB_FECHAMENTO_FINANCEIRO; Type: TABLE; Schema: public; Owner: cyrius_admin
--

CREATE TABLE public."TB_FECHAMENTO_FINANCEIRO" (
    id bigint NOT NULL,
    ano integer NOT NULL,
    mes smallint NOT NULL,
    fechado_em timestamp with time zone NOT NULL,
    fechado_por_id integer,
    CONSTRAINT "TB_FECHAMENTO_FINANCEIRO_ano_check" CHECK ((ano >= 0)),
    CONSTRAINT "TB_FECHAMENTO_FINANCEIRO_mes_check" CHECK ((mes >= 0))
);


ALTER TABLE public."TB_FECHAMENTO_FINANCEIRO" OWNER TO cyrius_admin;

--
-- Name: TB_FECHAMENTO_FINANCEIRO_id_seq; Type: SEQUENCE; Schema: public; Owner: cyrius_admin
--

ALTER TABLE public."TB_FECHAMENTO_FINANCEIRO" ALTER COLUMN id ADD GENERATED BY DEFAULT AS IDENTITY (
    SEQUENCE NAME public."TB_FECHAMENTO_FINANCEIRO_id_seq"
    START WITH 1
    INCREMENT BY 1
    NO MINVALUE
    NO MAXVALUE
    CACHE 1
);


--
-- Name: TB_FORNECEDOR; Type: TABLE; Schema: public; Owner: cyrius_admin
--

CREATE TABLE public."TB_FORNECEDOR" (
    id bigint NOT NULL,
    razao_social character varying(100) NOT NULL,
    cnpj character varying(18),
    contato_nome character varying(100),
    telefone character varying(20),
    email character varying(254)
);


ALTER TABLE public."TB_FORNECEDOR" OWNER TO cyrius_admin;

--
-- Name: TB_FORNECEDOR_id_seq; Type: SEQUENCE; Schema: public; Owner: cyrius_admin
--

ALTER TABLE public."TB_FORNECEDOR" ALTER COLUMN id ADD GENERATED BY DEFAULT AS IDENTITY (
    SEQUENCE NAME public."TB_FORNECEDOR_id_seq"
    START WITH 1
    INCREMENT BY 1
    NO MINVALUE
    NO MAXVALUE
    CACHE 1
);


--
-- Name: TB_ITEM_SERVICO; Type: TABLE; Schema: public; Owner: cyrius_admin
--

CREATE TABLE public."TB_ITEM_SERVICO" (
    id bigint NOT NULL,
    quantidade integer NOT NULL,
    preco_venda numeric(10,2) NOT NULL,
    produto_id bigint NOT NULL,
    os_id bigint NOT NULL,
    CONSTRAINT "TB_ITEM_SERVICO_quantidade_check" CHECK ((quantidade >= 0))
);


ALTER TABLE public."TB_ITEM_SERVICO" OWNER TO cyrius_admin;

--
-- Name: TB_ITEM_SERVICO_id_seq; Type: SEQUENCE; Schema: public; Owner: cyrius_admin
--

ALTER TABLE public."TB_ITEM_SERVICO" ALTER COLUMN id ADD GENERATED BY DEFAULT AS IDENTITY (
    SEQUENCE NAME public."TB_ITEM_SERVICO_id_seq"
    START WITH 1
    INCREMENT BY 1
    NO MINVALUE
    NO MAXVALUE
    CACHE 1
);


--
-- Name: TB_LANCAMENTO_FINANCEIRO; Type: TABLE; Schema: public; Owner: cyrius_admin
--

CREATE TABLE public."TB_LANCAMENTO_FINANCEIRO" (
    id bigint NOT NULL,
    created_at timestamp with time zone NOT NULL,
    updated_at timestamp with time zone NOT NULL,
    descricao character varying(150) NOT NULL,
    valor numeric(10,2) NOT NULL,
    status character varying(20) NOT NULL,
    tipo_lancamento character varying(20) NOT NULL,
    categoria character varying(20) NOT NULL,
    data_vencimento date NOT NULL,
    data_pagamento date,
    observacao text,
    arquivo_1 character varying(100),
    arquivo_2 character varying(100),
    forma_pagamento character varying(20) NOT NULL,
    parcela_atual integer NOT NULL,
    total_parcelas integer NOT NULL,
    grupo_parcelamento uuid,
    cliente_id bigint,
    fornecedor_id bigint,
    tecnico_id bigint,
    comprovante character varying(100)
);


ALTER TABLE public."TB_LANCAMENTO_FINANCEIRO" OWNER TO cyrius_admin;

--
-- Name: TB_LANCAMENTO_FINANCEIRO_id_seq; Type: SEQUENCE; Schema: public; Owner: cyrius_admin
--

ALTER TABLE public."TB_LANCAMENTO_FINANCEIRO" ALTER COLUMN id ADD GENERATED BY DEFAULT AS IDENTITY (
    SEQUENCE NAME public."TB_LANCAMENTO_FINANCEIRO_id_seq"
    START WITH 1
    INCREMENT BY 1
    NO MINVALUE
    NO MAXVALUE
    CACHE 1
);


--
-- Name: TB_MOVIMENTACAO_ESTOQUE; Type: TABLE; Schema: public; Owner: cyrius_admin
--

CREATE TABLE public."TB_MOVIMENTACAO_ESTOQUE" (
    id bigint NOT NULL,
    tipo_movimento character varying(10) NOT NULL,
    quantidade numeric(10,2) NOT NULL,
    data_movimento timestamp with time zone NOT NULL,
    preco_unitario numeric(10,2),
    numero_serial character varying(100),
    arquivo_1 character varying(100),
    arquivo_2 character varying(100),
    cliente_id bigint,
    fornecedor_id bigint,
    usuario_id integer,
    produto_id bigint NOT NULL
);


ALTER TABLE public."TB_MOVIMENTACAO_ESTOQUE" OWNER TO cyrius_admin;

--
-- Name: TB_MOVIMENTACAO_ESTOQUE_id_seq; Type: SEQUENCE; Schema: public; Owner: cyrius_admin
--

ALTER TABLE public."TB_MOVIMENTACAO_ESTOQUE" ALTER COLUMN id ADD GENERATED BY DEFAULT AS IDENTITY (
    SEQUENCE NAME public."TB_MOVIMENTACAO_ESTOQUE_id_seq"
    START WITH 1
    INCREMENT BY 1
    NO MINVALUE
    NO MAXVALUE
    CACHE 1
);


--
-- Name: TB_NOTIFICACAO; Type: TABLE; Schema: public; Owner: cyrius_admin
--

CREATE TABLE public."TB_NOTIFICACAO" (
    id bigint NOT NULL,
    titulo character varying(100) NOT NULL,
    mensagem text NOT NULL,
    tipo character varying(20) NOT NULL,
    lida boolean NOT NULL,
    data_criacao timestamp with time zone NOT NULL,
    link character varying(200),
    destinatario_id integer NOT NULL
);


ALTER TABLE public."TB_NOTIFICACAO" OWNER TO cyrius_admin;

--
-- Name: TB_NOTIFICACAO_id_seq; Type: SEQUENCE; Schema: public; Owner: cyrius_admin
--

ALTER TABLE public."TB_NOTIFICACAO" ALTER COLUMN id ADD GENERATED BY DEFAULT AS IDENTITY (
    SEQUENCE NAME public."TB_NOTIFICACAO_id_seq"
    START WITH 1
    INCREMENT BY 1
    NO MINVALUE
    NO MAXVALUE
    CACHE 1
);


--
-- Name: TB_ORDEM_SERVICO; Type: TABLE; Schema: public; Owner: cyrius_admin
--

CREATE TABLE public."TB_ORDEM_SERVICO" (
    id bigint NOT NULL,
    created_at timestamp with time zone NOT NULL,
    updated_at timestamp with time zone NOT NULL,
    titulo character varying(150) NOT NULL,
    tipo character varying(20) NOT NULL,
    status character varying(20) NOT NULL,
    descricao_problema text NOT NULL,
    relatorio_tecnico text NOT NULL,
    data_entrada timestamp with time zone NOT NULL,
    data_previsao date,
    data_conclusao timestamp with time zone,
    data_finalizacao timestamp with time zone,
    custo_deslocamento numeric(10,2) NOT NULL,
    custo_terceiros numeric(10,2) NOT NULL,
    valor_mao_de_obra numeric(10,2) NOT NULL,
    desconto numeric(10,2) NOT NULL,
    ativo_id bigint,
    cliente_id bigint NOT NULL,
    tecnico_responsavel_id bigint
);


ALTER TABLE public."TB_ORDEM_SERVICO" OWNER TO cyrius_admin;

--
-- Name: TB_ORDEM_SERVICO_id_seq; Type: SEQUENCE; Schema: public; Owner: cyrius_admin
--

ALTER TABLE public."TB_ORDEM_SERVICO" ALTER COLUMN id ADD GENERATED BY DEFAULT AS IDENTITY (
    SEQUENCE NAME public."TB_ORDEM_SERVICO_id_seq"
    START WITH 1
    INCREMENT BY 1
    NO MINVALUE
    NO MAXVALUE
    CACHE 1
);


--
-- Name: TB_PRODUTO; Type: TABLE; Schema: public; Owner: cyrius_admin
--

CREATE TABLE public."TB_PRODUTO" (
    id bigint NOT NULL,
    created_at timestamp with time zone NOT NULL,
    updated_at timestamp with time zone NOT NULL,
    nome character varying(100) NOT NULL,
    estoque_minimo integer NOT NULL,
    estoque_atual numeric(10,2) NOT NULL,
    preco_venda_sugerido numeric(10,2) NOT NULL,
    CONSTRAINT "TB_PRODUTO_estoque_minimo_check" CHECK ((estoque_minimo >= 0))
);


ALTER TABLE public."TB_PRODUTO" OWNER TO cyrius_admin;

--
-- Name: TB_PRODUTO_id_seq; Type: SEQUENCE; Schema: public; Owner: cyrius_admin
--

ALTER TABLE public."TB_PRODUTO" ALTER COLUMN id ADD GENERATED BY DEFAULT AS IDENTITY (
    SEQUENCE NAME public."TB_PRODUTO_id_seq"
    START WITH 1
    INCREMENT BY 1
    NO MINVALUE
    NO MAXVALUE
    CACHE 1
);


--
-- Name: TB_PROVEDOR_INTERNET; Type: TABLE; Schema: public; Owner: cyrius_admin
--

CREATE TABLE public."TB_PROVEDOR_INTERNET" (
    id bigint NOT NULL,
    nome_operadora character varying(50) NOT NULL,
    plano_contratado character varying(100) NOT NULL,
    ip_fixo character varying(50) NOT NULL,
    telefone_suporte character varying(20) NOT NULL,
    usuario_pppoe character varying(100) NOT NULL,
    senha_pppoe character varying(100) NOT NULL,
    cliente_id bigint NOT NULL
);


ALTER TABLE public."TB_PROVEDOR_INTERNET" OWNER TO cyrius_admin;

--
-- Name: TB_PROVEDOR_INTERNET_id_seq; Type: SEQUENCE; Schema: public; Owner: cyrius_admin
--

ALTER TABLE public."TB_PROVEDOR_INTERNET" ALTER COLUMN id ADD GENERATED BY DEFAULT AS IDENTITY (
    SEQUENCE NAME public."TB_PROVEDOR_INTERNET_id_seq"
    START WITH 1
    INCREMENT BY 1
    NO MINVALUE
    NO MAXVALUE
    CACHE 1
);


--
-- Name: auth_group; Type: TABLE; Schema: public; Owner: cyrius_admin
--

CREATE TABLE public.auth_group (
    id integer NOT NULL,
    name character varying(150) NOT NULL
);


ALTER TABLE public.auth_group OWNER TO cyrius_admin;

--
-- Name: auth_group_id_seq; Type: SEQUENCE; Schema: public; Owner: cyrius_admin
--

ALTER TABLE public.auth_group ALTER COLUMN id ADD GENERATED BY DEFAULT AS IDENTITY (
    SEQUENCE NAME public.auth_group_id_seq
    START WITH 1
    INCREMENT BY 1
    NO MINVALUE
    NO MAXVALUE
    CACHE 1
);


--
-- Name: auth_group_permissions; Type: TABLE; Schema: public; Owner: cyrius_admin
--

CREATE TABLE public.auth_group_permissions (
    id bigint NOT NULL,
    group_id integer NOT NULL,
    permission_id integer NOT NULL
);


ALTER TABLE public.auth_group_permissions OWNER TO cyrius_admin;

--
-- Name: auth_group_permissions_id_seq; Type: SEQUENCE; Schema: public; Owner: cyrius_admin
--

ALTER TABLE public.auth_group_permissions ALTER COLUMN id ADD GENERATED BY DEFAULT AS IDENTITY (
    SEQUENCE NAME public.auth_group_permissions_id_seq
    START WITH 1
    INCREMENT BY 1
    NO MINVALUE
    NO MAXVALUE
    CACHE 1
);


--
-- Name: auth_permission; Type: TABLE; Schema: public; Owner: cyrius_admin
--

CREATE TABLE public.auth_permission (
    id integer NOT NULL,
    name character varying(255) NOT NULL,
    content_type_id integer NOT NULL,
    codename character varying(100) NOT NULL
);


ALTER TABLE public.auth_permission OWNER TO cyrius_admin;

--
-- Name: auth_permission_id_seq; Type: SEQUENCE; Schema: public; Owner: cyrius_admin
--

ALTER TABLE public.auth_permission ALTER COLUMN id ADD GENERATED BY DEFAULT AS IDENTITY (
    SEQUENCE NAME public.auth_permission_id_seq
    START WITH 1
    INCREMENT BY 1
    NO MINVALUE
    NO MAXVALUE
    CACHE 1
);


--
-- Name: auth_user; Type: TABLE; Schema: public; Owner: cyrius_admin
--

CREATE TABLE public.auth_user (
    id integer NOT NULL,
    password character varying(128) NOT NULL,
    last_login timestamp with time zone,
    is_superuser boolean NOT NULL,
    username character varying(150) NOT NULL,
    first_name character varying(150) NOT NULL,
    last_name character varying(150) NOT NULL,
    email character varying(254) NOT NULL,
    is_staff boolean NOT NULL,
    is_active boolean NOT NULL,
    date_joined timestamp with time zone NOT NULL
);


ALTER TABLE public.auth_user OWNER TO cyrius_admin;

--
-- Name: auth_user_groups; Type: TABLE; Schema: public; Owner: cyrius_admin
--

CREATE TABLE public.auth_user_groups (
    id bigint NOT NULL,
    user_id integer NOT NULL,
    group_id integer NOT NULL
);


ALTER TABLE public.auth_user_groups OWNER TO cyrius_admin;

--
-- Name: auth_user_groups_id_seq; Type: SEQUENCE; Schema: public; Owner: cyrius_admin
--

ALTER TABLE public.auth_user_groups ALTER COLUMN id ADD GENERATED BY DEFAULT AS IDENTITY (
    SEQUENCE NAME public.auth_user_groups_id_seq
    START WITH 1
    INCREMENT BY 1
    NO MINVALUE
    NO MAXVALUE
    CACHE 1
);


--
-- Name: auth_user_id_seq; Type: SEQUENCE; Schema: public; Owner: cyrius_admin
--

ALTER TABLE public.auth_user ALTER COLUMN id ADD GENERATED BY DEFAULT AS IDENTITY (
    SEQUENCE NAME public.auth_user_id_seq
    START WITH 1
    INCREMENT BY 1
    NO MINVALUE
    NO MAXVALUE
    CACHE 1
);


--
-- Name: auth_user_user_permissions; Type: TABLE; Schema: public; Owner: cyrius_admin
--

CREATE TABLE public.auth_user_user_permissions (
    id bigint NOT NULL,
    user_id integer NOT NULL,
    permission_id integer NOT NULL
);


ALTER TABLE public.auth_user_user_permissions OWNER TO cyrius_admin;

--
-- Name: auth_user_user_permissions_id_seq; Type: SEQUENCE; Schema: public; Owner: cyrius_admin
--

ALTER TABLE public.auth_user_user_permissions ALTER COLUMN id ADD GENERATED BY DEFAULT AS IDENTITY (
    SEQUENCE NAME public.auth_user_user_permissions_id_seq
    START WITH 1
    INCREMENT BY 1
    NO MINVALUE
    NO MAXVALUE
    CACHE 1
);


--
-- Name: django_admin_log; Type: TABLE; Schema: public; Owner: cyrius_admin
--

CREATE TABLE public.django_admin_log (
    id integer NOT NULL,
    action_time timestamp with time zone NOT NULL,
    object_id text,
    object_repr character varying(200) NOT NULL,
    action_flag smallint NOT NULL,
    change_message text NOT NULL,
    content_type_id integer,
    user_id integer NOT NULL,
    CONSTRAINT django_admin_log_action_flag_check CHECK ((action_flag >= 0))
);


ALTER TABLE public.django_admin_log OWNER TO cyrius_admin;

--
-- Name: django_admin_log_id_seq; Type: SEQUENCE; Schema: public; Owner: cyrius_admin
--

ALTER TABLE public.django_admin_log ALTER COLUMN id ADD GENERATED BY DEFAULT AS IDENTITY (
    SEQUENCE NAME public.django_admin_log_id_seq
    START WITH 1
    INCREMENT BY 1
    NO MINVALUE
    NO MAXVALUE
    CACHE 1
);


--
-- Name: django_content_type; Type: TABLE; Schema: public; Owner: cyrius_admin
--

CREATE TABLE public.django_content_type (
    id integer NOT NULL,
    app_label character varying(100) NOT NULL,
    model character varying(100) NOT NULL
);


ALTER TABLE public.django_content_type OWNER TO cyrius_admin;

--
-- Name: django_content_type_id_seq; Type: SEQUENCE; Schema: public; Owner: cyrius_admin
--

ALTER TABLE public.django_content_type ALTER COLUMN id ADD GENERATED BY DEFAULT AS IDENTITY (
    SEQUENCE NAME public.django_content_type_id_seq
    START WITH 1
    INCREMENT BY 1
    NO MINVALUE
    NO MAXVALUE
    CACHE 1
);


--
-- Name: django_migrations; Type: TABLE; Schema: public; Owner: cyrius_admin
--

CREATE TABLE public.django_migrations (
    id bigint NOT NULL,
    app character varying(255) NOT NULL,
    name character varying(255) NOT NULL,
    applied timestamp with time zone NOT NULL
);


ALTER TABLE public.django_migrations OWNER TO cyrius_admin;

--
-- Name: django_migrations_id_seq; Type: SEQUENCE; Schema: public; Owner: cyrius_admin
--

ALTER TABLE public.django_migrations ALTER COLUMN id ADD GENERATED BY DEFAULT AS IDENTITY (
    SEQUENCE NAME public.django_migrations_id_seq
    START WITH 1
    INCREMENT BY 1
    NO MINVALUE
    NO MAXVALUE
    CACHE 1
);


--
-- Name: django_session; Type: TABLE; Schema: public; Owner: cyrius_admin
--

CREATE TABLE public.django_session (
    session_key character varying(40) NOT NULL,
    session_data text NOT NULL,
    expire_date timestamp with time zone NOT NULL
);


ALTER TABLE public.django_session OWNER TO cyrius_admin;

--
-- Data for Name: TB_ANEXO_SERVICO; Type: TABLE DATA; Schema: public; Owner: cyrius_admin
--

COPY public."TB_ANEXO_SERVICO" (id, arquivo, tipo, descricao, uploaded_at, os_id) FROM stdin;
\.


--
-- Data for Name: TB_APONTAMENTO_HORAS; Type: TABLE DATA; Schema: public; Owner: cyrius_admin
--

COPY public."TB_APONTAMENTO_HORAS" (id, horas_gastas, descricao_tecnica, data_apontamento, chamado_tecnico_id) FROM stdin;
\.


--
-- Data for Name: TB_ATIVO; Type: TABLE DATA; Schema: public; Owner: cyrius_admin
--

COPY public."TB_ATIVO" (id, nome, tipo, marca_modelo, processador, memoria_ram, armazenamento, sistema_operacional, anydesk_id, usuario_local, senha_local, ip_local, cliente_id) FROM stdin;
1	PC 01	COMPUTADOR	POSITIVO									5
\.


--
-- Data for Name: TB_CHAMADO; Type: TABLE DATA; Schema: public; Owner: cyrius_admin
--

COPY public."TB_CHAMADO" (id, created_at, updated_at, titulo, descricao_detalhada, origem, status, prioridade, tipo_atendimento, data_agendamento, custo_ida, custo_volta, custo_transporte, protocolo, data_abertura, data_fechamento, ativo_id, cliente_id, financeiro_gerado, valor_servico, arquivo_conclusao, arquivo_1, arquivo_2, foto_antes, foto_depois, resolucao, tecnico_id) FROM stdin;
9	2026-02-03 12:06:55.250561+00	2026-02-03 12:41:10.174635+00	PC lento	PC travando e com lentidão	WHATSAPP	FINALIZADO	MEDIA	REMOTO	\N	0.00	0.00	0.00	20260203002	2026-02-03 12:06:55.247048+00	2026-02-03 12:41:10.174539+00	\N	13	f	0.00						Rodado script	\N
10	2026-02-03 13:03:41.93788+00	2026-02-03 13:04:50.791999+00	Troca de modem	Após modem queimar e efectuarem a troca do aparelho os servidores se encontram inactivos.	WHATSAPP	FINALIZADO	MEDIA	REMOTO	\N	0.00	0.00	0.00	20260203003	2026-02-03 13:03:41.934474+00	2026-02-03 13:04:50.791907+00	\N	15	f	0.00						Foi reconfigurado as faixas de IP, uma vez que estavam as padrões do provedor que é diferente do configurado anteriormente. 	\N
3	2026-02-02 12:03:50.595572+00	2026-02-02 12:10:52.901918+00	Problemas com HDMI	O HDMI aparentemente está desconectado do aparelho de USG provavelmente após retirada de um splitter HDMI.	WHATSAPP	FINALIZADO	MEDIA	REMOTO	\N	0.00	0.00	0.00	20260202002	2026-02-02 12:03:50.592015+00	2026-02-02 12:10:52.901808+00	\N	13	f	0.00						Somente a conexão dos cabos.	\N
5	2026-02-02 12:39:45.218514+00	2026-02-02 12:52:39.260033+00	Erro de Impressão	Ao imprimir no sistema comercial da empresa a impressora não consegue entregar a devida impressão.	TELEFONE	FINALIZADO	MEDIA	REMOTO	\N	0.00	0.00	0.00	20260202004	2026-02-02 12:39:45.215071+00	2026-02-02 12:52:39.259944+00	\N	5	f	0.00						O solicitante do chamado após vários minutos sem resposta informou que o pessoal do próprio sistema resolveu.	\N
4	2026-02-02 12:32:30.209104+00	2026-02-02 12:52:58.470755+00	Criação de email.	Pedro:\n"Preciso criar um email para João Mauricio, novo estagiário nosso"	TELEFONE	FINALIZADO	MEDIA	REMOTO	\N	0.00	0.00	0.00	20260202003	2026-02-02 12:32:30.20568+00	2026-02-02 12:52:58.470664+00	\N	14	f	0.00						Apenas criação de e-mail.	\N
6	2026-02-02 12:41:12.533835+00	2026-02-02 12:54:10.950391+00	Erro em Anydesk	Anydesk com tempo de inicio.	WHATSAPP	FINALIZADO	MEDIA	REMOTO	\N	0.00	0.00	0.00	20260202005	2026-02-02 12:41:12.530456+00	2026-02-02 12:54:10.950242+00	\N	14	f	0.00						Apenas reinstalação de Anydesk para retirada de tempo.	\N
1	2026-02-02 01:03:47.354821+00	2026-02-02 13:11:10.871774+00	O servidor aparentemente não está na rede	[31/01, 12:29] Juvenilda Parafusauto: Bom dia\n[31/01, 12:29] Juvenilda Parafusauto: tudo bem ?\n[31/01, 12:29] Juvenilda Parafusauto: estamos sistema desde de manha\n[31/01, 12:30] Juvenilda Parafusauto: da primeira hora, o tecnico do sistema veio aqui\n[31/01, 12:30] Juvenilda Parafusauto: porem ele disse que e a internet\n[31/01, 12:30] Juvenilda Parafusauto: voce pode vim aqui para verificar por favor ?	WHATSAPP	FINALIZADO	ALTA	VISITA	2026-02-02 11:30:00+00	4.80	4.80	9.60	20260202001	2026-02-02 01:03:47.351112+00	2026-02-02 13:11:10.86793+00	\N	15	f	0.00						Verifiquei o modem e constatei que o mesmo está queimado. Mesmo colocando outra fonte e mudando a tomada o mesmo não ligou. Solicitei juvenilda contatar o suporte técnico do provedor para realizar a troca. Sobre o chamado só servidor, verifiquei o cabo e refiz a ponta do clipe. 	\N
7	2026-02-02 13:13:52.315701+00	2026-02-02 13:13:52.315714+00	Expansão de sinal WIFI	Irá ser feito uma avaliação de rede no local.	TELEFONE	AGENDADO	MEDIA	VISITA	2026-02-02 17:20:00+00	0.00	0.00	0.00	20260202006	2026-02-02 13:13:52.312244+00	\N	\N	8	f	0.00						\N	\N
13	2026-02-03 14:32:33.339476+00	2026-02-03 14:46:12.260038+00	Email	Email não recebe nada	WHATSAPP	FINALIZADO	MEDIA	REMOTO	\N	0.00	0.00	0.00	20260203006	2026-02-03 14:32:33.335922+00	2026-02-03 14:46:12.259919+00	\N	12	f	0.00						Já estava funcionando correctamente. Somente fizemos os testes para comprovar e formalizar a ela o bom funcionamento.	\N
23	2026-02-05 14:49:36.128075+00	2026-02-05 19:43:42.433993+00	Cabeamento	Foi solicitado puxar um cabo para uma nova maquina no balcão.	WHATSAPP	FINALIZADO	MEDIA	VISITA	2026-02-05 18:30:00+00	5.10	4.80	9.90	20260205004	2026-02-05 14:49:36.124403+00	2026-02-05 19:43:42.42951+00	\N	11	f	0.00						Foi feito um path cord para ligar em uma tomada RJ45 Femea que já havia no local.	\N
14	2026-02-03 17:33:22.08982+00	2026-02-03 17:44:45.90623+00	BEGIN	Instalação do begin	WHATSAPP	FINALIZADO	MEDIA	REMOTO	\N	0.00	0.00	0.00	20260203007	2026-02-03 17:33:22.086153+00	2026-02-03 17:44:45.906141+00	\N	8	f	0.00						Somente a instalação do begin	\N
12	2026-02-03 14:18:19.867935+00	2026-02-03 18:32:36.636851+00	E-mail	Alteração senha e-mail (não esquecer de colocar a nova senha do email na documentação do cliente⚠️⚠️⚠️⚠️)	WHATSAPP	FINALIZADO	MEDIA	REMOTO	\N	0.00	0.00	0.00	20260203005	2026-02-03 14:18:19+00	2026-02-03 18:32:36.636764+00	\N	12	f	0.00						Troca de senha dos e-mails reserva@ e recepcao@ e instalação em cerca de 4 computadores.	\N
11	2026-02-03 13:07:25.799245+00	2026-02-04 11:18:23.990079+00	BEGIN	Instalar o Begin	WHATSAPP	FINALIZADO	MEDIA	REMOTO	\N	0.00	0.00	0.00	20260203004	2026-02-03 13:07:25.795663+00	2026-02-04 11:18:23.989969+00	\N	8	f	0.00						Falta de resposta para instalação das  outras maquinas.	\N
15	2026-02-03 18:45:58.515365+00	2026-02-04 11:51:13.496123+00	PDF NÃO ABRE	Não conseguem abrir PDF.	WHATSAPP	FINALIZADO	MEDIA	REMOTO	\N	0.00	0.00	0.00	20260203008	2026-02-03 18:45:58+00	2026-02-04 11:31:32+00	\N	21	f	0.00						Era somente o fotos desinstalado.	\N
8	2026-02-03 11:18:09.927559+00	2026-02-05 19:13:13.139108+00	Erro de Impressão	Foi instalado uma nova impressora no local e especificamente somente o outlook não consegue imprimir com as configurações pre definidas.	WHATSAPP	FINALIZADO	MEDIA	REMOTO	\N	0.00	0.00	0.00	20260203001	2026-02-03 11:18:09.922588+00	2026-02-05 19:13:13.138981+00	\N	8	f	0.00						Chamado finalizado por falta de retorno do cliente. 	\N
16	2026-02-04 11:17:10.545106+00	2026-02-04 17:33:30.881219+00	Problemas com a internet	Filipe Brito, um funcionário da JPRADO na Juracy Magalhães, nos chamou alegando problemas na internet.	WHATSAPP	FINALIZADO	MEDIA	REMOTO	\N	0.00	0.00	0.00	20260204001	2026-02-04 11:17:10+00	2026-02-04 17:33:30.881089+00	\N	11	f	0.00						Pedi para o funcionário reiniciar o computador e o sistema voltou a funcionar normalmente.	\N
17	2026-02-04 17:35:21.4184+00	2026-02-04 18:38:20.41808+00	Thauana relatou que o notebook dela está lento.	Essa é uma demanda recorrente, já havíamos resolvido com a instalação de um adaptador USB para RJ45, porém, ela voltou a relatar lentidão.	WHATSAPP	FINALIZADO	BAIXA	REMOTO	\N	0.00	0.00	0.00	20260204002	2026-02-04 17:35:21.413378+00	2026-02-04 18:38:20.417986+00	\N	13	f	0.00						Infelizmente o notebook dela está com uma conta local, e a conta ADM do notebook está com senha e a mesma não sabe. Então será necessário uma formatação presencialmente.  	\N
20	2026-02-05 11:09:30.152149+00	2026-02-05 11:16:18.65991+00	Anydesk	Anydesk com tempo	WHATSAPP	FINALIZADO	MEDIA	REMOTO	\N	0.00	0.00	0.00	20260205001	2026-02-05 11:09:30.148443+00	2026-02-05 11:16:18.659819+00	\N	5	f	0.00						Foi feito a reinstalaçao do anydesk.	\N
22	2026-02-05 12:31:42.904813+00	2026-02-05 12:40:42.366021+00	Anydesk	Desinstalação e instalação do anydesk.	WHATSAPP	FINALIZADO	MEDIA	REMOTO	\N	0.00	0.00	0.00	20260205003	2026-02-05 12:31:42.900178+00	2026-02-05 12:40:42.365925+00	\N	12	f	0.00						Desinstalação e instalação do aplicativo\n	\N
21	2026-02-05 12:28:15.148762+00	2026-02-05 13:10:54.631175+00	E-mail	Yuri precisa da inserção de alguns e-mails em sua maquina.	WHATSAPP	FINALIZADO	MEDIA	REMOTO	\N	0.00	0.00	0.00	20260205002	2026-02-05 12:28:15.145171+00	2026-02-05 13:10:54.631086+00	\N	12	f	0.00						Criação e-mail pelo locaweb.\n	\N
19	2026-02-04 19:06:56.50258+00	2026-02-05 13:35:55.057215+00	Mudança de ramal | Formatação	Laira, gestora do setor de telefonia, solicitou a mudança de alguns ramais e Thauana precisa ter o notebook formatado.	WHATSAPP	FINALIZADO	MEDIA	VISITA	2026-02-05 11:00:00+00	0.00	0.00	0.00	20260204004	2026-02-04 19:06:56.4991+00	2026-02-05 13:35:55.057125+00	\N	13	f	0.00						1° Uma impressora no consultório 3 estava precisando ser configurada. Como o driver estava dando erro, desinstalei todas as impressoras e instalei do 0. Funcionou.\n\nFormatação: formatação do notebook de Thauana, na recepção, e constatei que o mesmo está com problemas de desempenho por conta do carregador, que não está dando carga suficiente para o notebook e o mesmo está limitando o desempenho. Necessita orçamento.\n\n3° realizei as trocas de ramais solicitadas pela gestora do setor, porém ao final, precisei recolocar os ramais no mesmo lugar de antes, pois onde ela queria colocar o ramal não havia porta para telefone. Como era algo de conhecimento dela, vai ser preciso colocar ramais "digitais" nas duas últimas estações da sala. 	\N
24	2026-02-05 17:14:16.649876+00	2026-02-05 17:14:16.649889+00	Cameras	Avaliação de locais para cameras.	WHATSAPP	AGENDADO	MEDIA	VISITA	2026-02-10 14:00:00+00	0.00	0.00	0.00	20260205005	2026-02-05 17:14:16.646211+00	\N	\N	4	f	0.00						\N	\N
25	2026-02-05 19:01:16.470171+00	2026-02-05 19:11:49.562584+00	Impressora com problema	Funcionária descreveu o problema como "Simplesmente não imprime" ao clicar em imprimir	WHATSAPP	FINALIZADO	BAIXA	REMOTO	\N	0.00	0.00	0.00	20260205006	2026-02-05 19:01:16.466147+00	2026-02-05 19:11:49.562484+00	\N	5	f	0.00						Apenas fiz o teste de impressão e já estava funcionando normalmente. Quando ela foi tentar imprimir "magicamente" voltou a funcionar. Provavelmente a cliente estava tentando imprimir de maneira incorreta. 	\N
18	2026-02-04 17:36:58.53167+00	2026-02-05 19:12:42.959561+00	Criação de uma nova caixa de e-mail.	[14:30, 04/02/2026] +55 77 9826-9820: Boa tarde amigo, tudo bem ?\n[14:30, 04/02/2026] +55 77 9826-9820: Preciso criar um email para Dayane Paula Sousa Oliveira\n[14:30, 04/02/2026] +55 77 9826-9820: Consegue me ajudar ?	WHATSAPP	FINALIZADO	MEDIA	REMOTO	\N	0.00	0.00	0.00	20260204003	2026-02-04 17:36:58.527791+00	2026-02-05 19:12:42.959468+00	\N	8	f	0.00						Kevin abriu outro chamado e criou o email. 	\N
26	2026-02-05 20:46:37.073134+00	2026-02-05 20:46:37.073162+00	Otimização	A maquina apresenta problemas no desempenho de alguns sites e após avaliado, na maquina.	WHATSAPP	ABERTO	MEDIA	REMOTO	\N	0.00	0.00	0.00	20260205007	2026-02-05 20:46:37.069592+00	\N	\N	11	f	0.00						\N	\N
\.


--
-- Data for Name: TB_CHAMADO_TECNICO; Type: TABLE DATA; Schema: public; Owner: cyrius_admin
--

COPY public."TB_CHAMADO_TECNICO" (id, horas_trabalhadas, chamado_id, tecnico_id) FROM stdin;
1	0.00	1	3
3	0.00	3	3
4	0.00	4	3
5	0.00	5	3
6	0.00	6	3
7	0.00	7	3
8	0.00	7	5
9	0.00	8	3
10	0.00	9	1
11	0.00	10	3
12	0.00	11	1
13	0.00	12	1
14	0.00	13	3
15	0.00	14	3
16	0.00	15	3
17	0.00	16	5
18	0.00	17	5
19	0.00	18	5
20	0.00	19	5
21	0.00	20	3
22	0.00	21	3
23	0.00	22	1
24	0.00	23	3
25	0.00	24	3
26	0.00	25	5
27	0.00	26	3
\.


--
-- Data for Name: TB_CLIENTE; Type: TABLE DATA; Schema: public; Owner: cyrius_admin
--

COPY public."TB_CLIENTE" (id, created_at, updated_at, razao_social, cpf, cnpj, endereco, valor_contrato_mensal, dia_vencimento, tipo_cliente, ativo, foto, nome) FROM stdin;
1	2026-02-01 23:47:12.797302+00	2026-02-01 23:47:12.797318+00	Distribuidora de Lubrificantes Sao Roque Ltda	\N	03416365000190	Avenida Presidente Dutra, 2195, Lote a	0.00	5	CONTRATO	t	clientes_fotos/casaDoOleo.jpg	Casa do Óleo
2	2026-02-01 23:49:50.058223+00	2026-02-01 23:50:21.105993+00	Raiza Oliveira Prado	\N	46398615000119	Rua Sifredo Pedral Sampaio, Recreio, Vitória da Conquista - BA	0.00	5	CONTRATO	t	clientes_fotos/logo.png	Cyrius Informática
3	2026-02-01 23:54:50.350683+00	2026-02-01 23:54:50.350699+00	Registro do 2 Oficio de Imoveis	\N	28320995000197	Praca Estevao Santos, 103, Letra B Bairro: Centro	1.00	5	CONTRATO	t	clientes_fotos/WhatsApp_Image_2026-01-29_at_10.18.40.jpeg	Cartório de imóveis 2° oficio
4	2026-02-01 23:57:45.463171+00	2026-02-01 23:57:45.463185+00	Cartório de Registro Civil das Pessoas Naturais	\N	13100722000160	Pç. Estevam Santos, 41 Fórum João Mangabeira, Centro	1.00	5	CONTRATO	t	clientes_fotos/cartorio_de_regostro_civil_1.jpg	Cartório Civil
6	2026-02-02 00:10:43.676247+00	2026-02-02 00:11:52.454534+00	Delux Iluminacao	\N	49404951000115	Rua Jorge Amado, 635 Bairro: Centro Município/UF: Vitória da Conquista, BA	1.00	5	CONTRATO	t	clientes_fotos/images_6.jpg	Delux Iluminacao
7	2026-02-02 00:13:59.622301+00	2026-02-02 00:14:38.648329+00	D J Embalagens Ltda	\N	17230862000103	Rua Francisco Braga, 125 Bairro: Centro Município/UF: Vitória da Conquista, BA	1.00	5	CONTRATO	t	clientes_fotos/images_6.png	D J Embalagens
8	2026-02-02 00:17:25.082493+00	2026-02-02 00:18:42.811579+00	E2 Engenharia e Empreendimentos Ltda	\N	02207503000168	Avenida Filipinas, Jurema, 3781, Vitória da Conquista - BA	1.00	5	CONTRATO	t	clientes_fotos/images_7.jpg	E2 Engenharia e Empreendimentos
10	2026-02-02 00:23:58.794236+00	2026-02-02 00:23:58.79425+00	Fz Holding Ltda	\N	51902126000192	Travessa Cuiabá, Brasil, Vitória da Conquista - BA	1.00	5	CONTRATO	t	clientes_fotos/images_1.jpg	Fz Holding
11	2026-02-02 00:25:44.72091+00	2026-02-02 00:26:27.476503+00	Jprado Epi Ltda	\N	55870899000195	Avenida Juracy Magalhães, Felícia, Vitória da Conquista - BA	1.00	5	CONTRATO	t	clientes_fotos/images_7.png	Jprado Epi Distribuidora
12	2026-02-02 00:28:17.819111+00	2026-02-02 00:29:06.198595+00	Ilheus Norte Hotel Residence Spe Ltda	\N	21211612000365	Rua José Pequeno, Jurema, Vitória da Conquista - BA	1.00	5	CONTRATO	t	clientes_fotos/images_8.jpg	Ilheus Norte Hotel Residence
14	2026-02-02 00:32:21.50759+00	2026-02-02 00:32:46.019997+00	Prates Bomfim Engenharia Ltda	\N	97440499000190	Rua Hormindo Barros, Candeias, Vitória da Conquista - BA	1.00	5	CONTRATO	t	clientes_fotos/images_8.png	Prates Bomfim Engenharia
13	2026-02-02 00:30:43.01162+00	2026-02-02 00:33:25.398604+00	Center Saude Clinica Medica Ltda	\N	27232471000181	Avenida Juracy Magalhães, Felícia, Vitória da Conquista - BA	1.00	5	CONTRATO	t	clientes_fotos/images_9.jpg	Saude Center
22	2026-02-04 11:52:31.440453+00	2026-02-04 11:52:31.440467+00	AVULSO	11111111111	\N	VITORIA DA CONQUISTA	0.00	5	AVULSO	t		AVULSO
16	2026-02-02 00:38:58.684911+00	2026-02-02 00:39:48.974403+00	Campos Lacerda Ferragens Ltda	\N	11422978000168	Avenida Presidente Dutra, Brasil, Vitória da Conquista - BA	1.00	5	CONTRATO	t	clientes_fotos/images_1_cDdK0Fp.png	Parafusauto Ferramentas e Ferragens (Edinize)
17	2026-02-02 00:41:40.158165+00	2026-02-02 00:42:16.503615+00	Vilmar Corretora de Seguros Ltda	\N	04787352000190	Rua dos Andrades, Centro, Vitória da Conquista - BA	1.00	5	CONTRATO	t	clientes_fotos/f07467_5bedcef299b84755bda6d63330576b6bmv2.png	Vilmar Corretora de Seguros Ltda
9	2026-02-02 00:21:21.030619+00	2026-02-04 13:07:48.779425+00	S e Industria e Comercio de Plasticos Ltda	\N	12403320000171	Rua Francisco Braga, 164 Centro, Vitória da Conquista - BA	1.00	5	CONTRATO	t	clientes_fotos/images_2.jpg	Embalinho
15	2026-02-02 00:36:08.682585+00	2026-02-04 13:07:56.418908+00	Diego Silva Campos	\N	08789842000186	Avenida Deraldo Mendes, Brasil, Vitória da Conquista - BA	1.00	5	CONTRATO	f	clientes_fotos/images_1.png	Parafusauto Comercio de Parafusos (Diego)
5	2026-02-02 00:03:29.676146+00	2026-02-04 13:12:41.544236+00	Comix Concreto Ltda	\N	14037798000150	Rua Distrito Industrial dos Imbores, 4, Galpao d Bairro: Lagoa das Flores	1.00	5	CONTRATO	t	clientes_fotos/2024-09-05.webp	Comix Concreto
23	2026-02-04 13:52:14.536938+00	2026-02-04 13:52:14.536952+00	RedCred e afins	\N	34588191000176	Rua Monsenhor Olímpio, Centro, Vitória da Conquista - BA	0.00	5	AVULSO	t	clientes_fotos/images.jpg	Filiais ZTECH
18	2026-02-02 00:44:41.293482+00	2026-02-02 11:22:05.371066+00	Gz Centro Automotivo Ltda	\N	31655487000174	Avenida Presidente Dutra, Jurema, Vitória da Conquista - BA	1.00	5	CONTRATO	t	clientes_fotos/images.png	Zetech Centro Automotivo
20	2026-02-02 13:17:30.86212+00	2026-02-02 13:17:30.862135+00	Souza Gomes Construções e Empreendimentos LTDA	\N	05989633000198	Avenida Presidente Dutra, Centro, Vitória da Conquista - BA	1000.00	5	CONTRATO	t	clientes_fotos/Captura_de_tela_2026-02-02_101622.png	Souza Gomes
21	2026-02-04 11:46:42.931311+00	2026-02-04 11:46:42.931325+00	Coopsev - Cooperativa de Trabalho de Servicos Gerais	\N	40853943000181	Avenida Jonas Hortélio, Recreio, Vitória da Conquista - BA	0.00	10	CONTRATO	t		Coopsev
24	2026-02-05 14:46:27.120767+00	2026-02-05 20:17:37.131043+00	Odontonorte Minas Bahia Ltda	\N	10603989000181	Avenida Ascendino Melo, Recreio, Vitória da Conquista - BA 293	0.00	5	AVULSO	t	clientes_fotos/images_j62gCvc.jpg	Odontonorte
\.


--
-- Data for Name: TB_CONTATO_CLIENTE; Type: TABLE DATA; Schema: public; Owner: cyrius_admin
--

COPY public."TB_CONTATO_CLIENTE" (id, nome, cargo, telefone, email, is_principal, cliente_id) FROM stdin;
1	Juvenilda	Superfisora	+55 77 8804-6790		f	15
2	Diego	Sócio	+55 77 9191-5209		f	15
\.


--
-- Data for Name: TB_CONTA_EMAIL; Type: TABLE DATA; Schema: public; Owner: cyrius_admin
--

COPY public."TB_CONTA_EMAIL" (id, email, senha, nome_usuario, provedor, cliente_id) FROM stdin;
7	acktonmalta@e2eng.com.br	.		Locaweb	8
8	adailson@e2eng.com.br	.		Locaweb	8
9	admplanejamento@e2eng.com.br	.		Locaweb	8
10	alexandre.souza@e2eng.com.br	.		Locaweb	8
11	ananda@e2eng.com.br	.		Locaweb	8
12	antoniorodrigues@e2eng.com.br	.		Locaweb	8
13	apoiocompras@e2eng.com.br	.		Locaweb	8
14	arquiteta@e2eng.com.br	.		Locaweb	8
15	atendimento@e2eng.com.br	.		Locaweb	8
16	bezerra@e2eng.com.br	.		Locaweb	8
17	compras@e2eng.com.br	.		Locaweb	8
18	e2engenharia@e2eng.com.br	.		Locaweb	8
19	e2premoldados@e2eng.com.br	.		Locaweb	8
20	edson@e2eng.com.br	.		Locaweb	8
21	financeiro1@e2eng.com.br	.		Locaweb	8
22	financeiro3@e2eng.com.br	.		Locaweb	8
23	flavia.cristina@e2eng.com.br	.		Locaweb	8
24	georgia@e2eng.com.br	.		Locaweb	8
25	gianmatheus@e2eng.com.br	.		Locaweb	8
26	gilsonbrito@e2eng.com.br	.		Locaweb	8
27	informatica@e2eng.com.br	.		Locaweb	8
28	jairo.andre@e2eng.com.br	.		Locaweb	8
29	jaqueline@e2eng.com.br	.		Locaweb	8
30	josemar.souza@e2eng.com.br	.		Locaweb	8
31	leia@e2eng.com.br	.		Locaweb	8
32	leilasouto@e2eng.com.br	.		Locaweb	8
33	luiz@e2eng.com.br	.		Locaweb	8
34	luizsa@e2eng.com.br	.		Locaweb	8
35	manutencao@e2eng.com.br	.		Locaweb	8
36	marciojose@e2eng.com.br	.		Locaweb	8
37	mariarita@e2eng.com.br	.		Locaweb	8
38	marketing@e2eng.com.br	.		Locaweb	8
39	minervino.neto@e2eng.com.br	.		Locaweb	8
40	notafiscal@e2eng.com.br	.		Locaweb	8
41	pedro.araujo@e2eng.com.br	.		Locaweb	8
42	pessoal1@e2eng.com.br	.		Locaweb	8
43	pessoal4@e2eng.com.br	.		Locaweb	8
44	projeto@e2eng.com.br	.		Locaweb	8
45	rafael.freire@e2eng.com.br	.		Locaweb	8
46	recepcao@e2eng.com.br	.		Locaweb	8
47	suporte@e2eng.com.br	.		Locaweb	8
48	suprimentos@e2eng.com.br	.		Locaweb	8
49	vendas@e2eng.com.br	.		Locaweb	8
50	vendas2@e2eng.com.br	.		Locaweb	8
51	e2engenharia@e2eng.net.br	.		Locaweb	8
52	financeiro@e2eng.net.br	.		Locaweb	8
53	administracao@embalinho.com.br	.		Locaweb	9
54	financeiro@fzholding.com.br	.		Locaweb	10
55	adm@inhotel.com.br	.		Locaweb	12
56	comercial@inhotel.com.br	.		Locaweb	12
57	contato@inhotel.com.br	.		Locaweb	12
58	diretoria@inhotel.com.br	.		Locaweb	12
59	financeiro@inhotel.com.br	.		Locaweb	12
60	financeiroinh@inhotel.com.br	.		Locaweb	12
61	gerencia@inhotel.com.br	.		Locaweb	12
62	lazaro@inhotel.com.br	.		Locaweb	12
64	recrutamentoplaza@inhotel.com.br	.		Locaweb	12
66	teste@inhresidence.com.br	.		Locaweb	12
67	reservas@inhresidence.com.br	.		Locaweb	12
68	news@inhresidence.com.br	.		Locaweb	12
69	inhdropbox@inhresidence.com.br	.		Locaweb	12
70	financeiro@inhresidence.com.br	.		Locaweb	12
71	alanmoreira@pratesbomfim.eng.br	.		Locaweb	14
72	almoxarifado@pratesbomfim.eng.br	.		Locaweb	14
73	ana.cantil@pratesbomfim.eng.br	.		Locaweb	14
74	brenda@pratesbomfim.eng.br	.		Locaweb	14
75	carolina.caceres@pratesbomfim.eng.br	.		Locaweb	14
76	cobranca@pratesbomfim.eng.br	.		Locaweb	14
77	edilson@pratesbomfim.eng.br	.		Locaweb	14
78	edilson.junior@pratesbomfim.eng.br	.		Locaweb	14
79	eugenio@pratesbomfim.eng.br	.		Locaweb	14
80	gabriel.carvalho@pratesbomfim.eng.br	.		Locaweb	14
81	gabriel.rocha@pratesbomfim.eng.br	.		Locaweb	14
82	gabriel.rodrigues@pratesbomfim.eng.br	.		Locaweb	14
83	gabrielalima@pratesbomfim.eng.br	.		Locaweb	14
84	giselealmeida@pratesbomfim.eng.br	.		Locaweb	14
85	igorroque@pratesbomfim.eng.br	.		Locaweb	14
86	imobiliario2@pratesbomfim.eng.br	.		Locaweb	14
87	irineu.esc@pratesbomfim.eng.br	.		Locaweb	14
88	josimarmeira@pratesbomfim.eng.br	.		Locaweb	14
89	kauanny.silva@pratesbomfim.eng.br	.		Locaweb	14
90	luarapacheco@pratesbomfim.eng.br	.		Locaweb	14
91	lucas.prates@pratesbomfim.eng.br	.		Locaweb	14
92	manutencao@pratesbomfim.eng.br	.		Locaweb	14
93	marcus.santos@pratesbomfim.eng.br	.		Locaweb	14
94	marketing@pratesbomfim.eng.br	.		Locaweb	14
95	pedrocairo@pratesbomfim.eng.br	.		Locaweb	14
96	rafael.enc@pratesbomfim.eng.br	.		Locaweb	14
97	seguranca@pratesbomfim.eng.br	.		Locaweb	14
98	suporte@pratesbomfim.eng.br	.		Locaweb	14
99	joao.mauricio@pratesbomfim.eng.br	.		Locaweb	14
100	adm@souzagomeseng.com.br	.		Locaweb	20
101	antonio.carlos@souzagomeseng.com.br	.		Locaweb	20
102	atendimento@souzagomeseng.com.br	.		Locaweb	20
103	auxiliarfinanceiro@souzagomeseng.com.br	.		Locaweb	20
104	documentos@souzagomeseng.com.br	.		Locaweb	20
105	edson@souzagomeseng.com.br	.		Locaweb	20
106	emanuel.rocha@souzagomeseng.com.br	.		Locaweb	20
107	financeiro@souzagomeseng.com.br	.		Locaweb	20
108	gabrielaferraz@souzagomeseng.com.br	.		Locaweb	20
109	giseleadm@souzagomeseng.com.br	.		Locaweb	20
110	jorge@souzagomeseng.com.br	.		Locaweb	20
111	katherine@souzagomeseng.com.br	.		Locaweb	20
112	lrafael@souzagomeseng.com.br	.		Locaweb	20
113	marceloadm@souzagomeseng.com.br	.		Locaweb	20
114	marketing@souzagomeseng.com.br	.		Locaweb	20
115	mateus@souzagomeseng.com.br	.		Locaweb	20
116	moisesneto@souzagomeseng.com.br	.		Locaweb	20
117	paulocabral@souzagomeseng.com.br	.		Locaweb	20
118	rhuan.santos@souzagomeseng.com.br	.		Locaweb	20
119	robertoteles@souzagomeseng.com.br	.		Locaweb	20
120	samily.souza@souzagomeseng.com.br	.		Locaweb	20
121	setorpessoal@souzagomeseng.com.br	.		Locaweb	20
122	tomdias@souzagomeseng.com.br	.		Locaweb	20
123	vendas@souzagomeseng.com.br	.		Locaweb	20
124	suporte@cyrius.com.br	Cyrius$123		Locaweb	2
125	financeiro@cyrius.com.br	.		Locaweb	2
126	reserva@inhotel.com.br	Inh@2026		Locaweb	12
127	recepcao@inhotel.com.br	Inh1@2026		Locaweb	12
128	dayane.oliveira@e2eng.com.br	E2eng@2026		Locaweb	8
\.


--
-- Data for Name: TB_CONTRATO_CLIENTE; Type: TABLE DATA; Schema: public; Owner: cyrius_admin
--

COPY public."TB_CONTRATO_CLIENTE" (id, arquivo, descricao, data_upload, cliente_id) FROM stdin;
\.


--
-- Data for Name: TB_DESPESA_RECORRENTE; Type: TABLE DATA; Schema: public; Owner: cyrius_admin
--

COPY public."TB_DESPESA_RECORRENTE" (id, descricao, valor, categoria, dia_vencimento, ativo, ultima_geracao, created_at) FROM stdin;
\.


--
-- Data for Name: TB_DOCUMENTACAO_TECNICA; Type: TABLE DATA; Schema: public; Owner: cyrius_admin
--

COPY public."TB_DOCUMENTACAO_TECNICA" (id, configuracao_mikrotik, topologia_rede, estrutura_servidores, rotina_backup, pontos_fracos_melhorias, updated_at, cliente_id) FROM stdin;
\.


--
-- Data for Name: TB_EQUIPAMENTO_ENTRADA; Type: TABLE DATA; Schema: public; Owner: cyrius_admin
--

COPY public."TB_EQUIPAMENTO_ENTRADA" (id, marca_modelo, numero_serie, defeito_relatado, data_entrada, data_prevista_entrega, chamado_id) FROM stdin;
\.


--
-- Data for Name: TB_EQUIPE; Type: TABLE DATA; Schema: public; Owner: cyrius_admin
--

COPY public."TB_EQUIPE" (id, nome, foto, cargo, custo_hora, usuario_id) FROM stdin;
1	Kevin Viana		TECNICO	0.00	3
4	Jesaebe		SOCIO	0.00	5
5	Jhonatas Alves	fotos_equipe/8c0dcf495ed4c6c3caf6667ce973a31e.jpg	SOCIO	0.00	2
2	Claudio		SOCIO	0.00	6
3	Gabriel		SOCIO	0.00	4
\.


--
-- Data for Name: TB_FECHAMENTO_FINANCEIRO; Type: TABLE DATA; Schema: public; Owner: cyrius_admin
--

COPY public."TB_FECHAMENTO_FINANCEIRO" (id, ano, mes, fechado_em, fechado_por_id) FROM stdin;
\.


--
-- Data for Name: TB_FORNECEDOR; Type: TABLE DATA; Schema: public; Owner: cyrius_admin
--

COPY public."TB_FORNECEDOR" (id, razao_social, cnpj, contato_nome, telefone, email) FROM stdin;
1	TELEVIT	\N	\N	+55 77 2102-0131	\N
2	H2I DISTRIBUIDORA	\N	\N	+55 77 3424-6025	\N
3	Manoel Importados	\N	\N	+55 77 3422-5608	\N
4	165132132156	\N	\N	Efetiva	\N
5	Efetiva	\N	\N	77 3427-2966	\N
\.


--
-- Data for Name: TB_ITEM_SERVICO; Type: TABLE DATA; Schema: public; Owner: cyrius_admin
--

COPY public."TB_ITEM_SERVICO" (id, quantidade, preco_venda, produto_id, os_id) FROM stdin;
2	1	260.00	4	2
3	1	1100.00	5	4
5	1	130.00	3	5
6	1	360.00	6	5
\.


--
-- Data for Name: TB_LANCAMENTO_FINANCEIRO; Type: TABLE DATA; Schema: public; Owner: cyrius_admin
--

COPY public."TB_LANCAMENTO_FINANCEIRO" (id, created_at, updated_at, descricao, valor, status, tipo_lancamento, categoria, data_vencimento, data_pagamento, observacao, arquivo_1, arquivo_2, forma_pagamento, parcela_atual, total_parcelas, grupo_parcelamento, cliente_id, fornecedor_id, tecnico_id, comprovante) FROM stdin;
41	2026-02-04 13:58:24.839379+00	2026-02-04 13:58:24.839389+00	Compra Nobreak ATTIV 1500va-bi - TELEVIT	823.36	PAGO	SAIDA	SERVICO	2026-02-04	2026-02-04	\N			DINHEIRO	1	1	ba06aa89-8e27-4fb1-b856-5004044c7291	\N	\N	\N	
42	2026-02-04 17:41:43.076341+00	2026-02-04 17:41:43.076354+00	Compra Placa Mãe 1150 - Efetiva	206.00	PENDENTE	SAIDA	SERVICO	2026-02-04	\N	\N			DINHEIRO	1	1	dcc8387d-7846-4aad-b8a8-f3af26c49f80	\N	\N	\N	
43	2026-02-04 17:42:44.928821+00	2026-02-04 17:42:44.928831+00	Compra Fonte ATX 230w - H2I DISTRIBUIDORA	55.00	PENDENTE	SAIDA	SERVICO	2026-02-04	\N	\N			DINHEIRO	1	1	9249391b-af43-4b84-9fd9-9c4646f3f409	\N	\N	\N	
44	2026-02-04 17:44:21.192718+00	2026-02-04 17:44:21.192729+00	Receita OS #5 - Maquina sem funcionamento	490.00	PENDENTE	ENTRADA	SERVICO	2026-02-04	\N	\N			DINHEIRO	1	1	\N	12	\N	3	
23	2026-02-04 12:00:26.547181+00	2026-02-04 12:00:26.547192+00	Compra SSD Patriot 240GB - H2I DISTRIBUIDORA	160.00	PENDENTE	SAIDA	SERVICO	2026-02-04	\N	\N			DINHEIRO	1	1	fc388b6b-5d30-461f-96c0-e3b657bd983c	\N	\N	\N	
45	2026-02-04 17:45:01.562738+00	2026-02-04 17:45:01.56275+00	Receita OS #2 - SSD DO COMPUTADOR PAROU DE FUNCIONAR	260.00	PENDENTE	ENTRADA	SERVICO	2026-02-04	\N	\N			DINHEIRO	1	1	\N	5	\N	1	
46	2026-02-04 17:50:01.940064+00	2026-02-04 17:50:01.940075+00	Compra SSD ADATA 240GB - H2I DISTRIBUIDORA	190.00	PENDENTE	SAIDA	SERVICO	2026-02-04	\N	\N			DINHEIRO	1	1	81cb5914-798e-4703-92c2-44e635a4a5c6	\N	\N	\N	
47	2026-02-05 19:43:42.432021+00	2026-02-05 19:43:42.432034+00	Custo de transporte - #20260205004	9.90	PENDENTE	SAIDA	DESPESA	2026-02-05	\N	\N			DINHEIRO	1	1	\N	11	\N	\N	
\.


--
-- Data for Name: TB_MOVIMENTACAO_ESTOQUE; Type: TABLE DATA; Schema: public; Owner: cyrius_admin
--

COPY public."TB_MOVIMENTACAO_ESTOQUE" (id, tipo_movimento, quantidade, data_movimento, preco_unitario, numero_serial, arquivo_1, arquivo_2, cliente_id, fornecedor_id, usuario_id, produto_id) FROM stdin;
3	ENTRADA	1.00	2026-02-04 12:00:26.543708+00	160.00	\N			\N	2	2	4
4	ENTRADA	1.00	2026-02-04 13:58:24.836393+00	823.36	\N			\N	1	2	5
5	ENTRADA	1.00	2026-02-04 17:41:43.06962+00	206.00	\N			\N	5	4	6
6	ENTRADA	1.00	2026-02-04 17:42:44.925411+00	55.00	\N			\N	2	4	3
7	ENTRADA	1.00	2026-02-04 17:50:01.936626+00	190.00	\N			\N	2	4	2
\.


--
-- Data for Name: TB_NOTIFICACAO; Type: TABLE DATA; Schema: public; Owner: cyrius_admin
--

COPY public."TB_NOTIFICACAO" (id, titulo, mensagem, tipo, lida, data_criacao, link, destinatario_id) FROM stdin;
\.


--
-- Data for Name: TB_ORDEM_SERVICO; Type: TABLE DATA; Schema: public; Owner: cyrius_admin
--

COPY public."TB_ORDEM_SERVICO" (id, created_at, updated_at, titulo, tipo, status, descricao_problema, relatorio_tecnico, data_entrada, data_previsao, data_conclusao, data_finalizacao, custo_deslocamento, custo_terceiros, valor_mao_de_obra, desconto, ativo_id, cliente_id, tecnico_responsavel_id) FROM stdin;
3	2026-02-04 11:56:41.922787+00	2026-02-04 11:56:41.9228+00	RACK EMBALAGENS: VERIFICAR INTERNET/SISTEMA	EXTERNO	ORCAMENTO	Cliente reclama que não consegue usar o sistema por falhas(instabilidade) na internet		2026-02-04 11:56:41.922562+00	\N	\N	\N	0.00	0.00	0.00	0.00	\N	22	3
4	2026-02-04 14:01:50.23576+00	2026-02-04 14:04:29.963399+00	Instalação de nobreak	EXTERNO	ORCAMENTO	Ana Paula solicitou a compra de um Nobreak, alegando instabilidade na energia da oficina.		2026-02-04 14:01:50.235585+00	\N	\N	\N	4.80	0.00	0.00	0.00	\N	1	3
5	2026-02-04 17:38:42.003227+00	2026-02-04 17:44:21.194073+00	Maquina sem funcionamento	LABORATORIO	FINALIZADO	A maquina precisa de uma avaliação interna dos componentes.	A troca da placa mãe.	2026-02-04 17:38:42.002938+00	\N	2026-02-04 17:44:21.193983+00	2026-02-04 17:44:21.193986+00	0.00	0.00	0.00	0.00	\N	12	3
2	2026-02-04 11:55:32.463962+00	2026-02-05 19:14:18.239432+00	SSD DO COMPUTADOR PAROU DE FUNCIONAR	LABORATORIO	FINALIZADO	A máquina foi deixada no escritório, pois a mesma não estava iniciando o sistema operacional. Após testes técnicos realizados, constatamos que o SSD está com problema e será necessário trocar.	TROCA DE SSD + FORMATAÇÃO E INSTALAÇÃO DE PROGRAMAS PADRÔES.	2026-02-04 11:55:32.463758+00	\N	2026-02-04 17:45:01.564154+00	2026-02-04 17:45:01.564157+00	0.00	0.00	0.00	0.00	1	5	1
\.


--
-- Data for Name: TB_PRODUTO; Type: TABLE DATA; Schema: public; Owner: cyrius_admin
--

COPY public."TB_PRODUTO" (id, created_at, updated_at, nome, estoque_minimo, estoque_atual, preco_venda_sugerido) FROM stdin;
5	2026-02-04 13:57:20.543357+00	2026-02-04 13:58:24.835104+00	Nobreak ATTIV 1500va-bi	1	1.00	1100.00
3	2026-02-03 17:24:04.519449+00	2026-02-04 17:44:21.186049+00	Fonte ATX 230w	1	0.00	130.00
6	2026-02-04 17:39:33.287209+00	2026-02-04 17:44:21.187867+00	Placa Mãe 1150	2	0.00	360.00
4	2026-02-04 11:35:27.465994+00	2026-02-04 17:45:01.557389+00	SSD Patriot 240GB	1	0.00	260.00
2	2026-02-03 17:23:37.547797+00	2026-02-04 17:50:01.935251+00	SSD ADATA 240GB	1	1.00	260.00
\.


--
-- Data for Name: TB_PROVEDOR_INTERNET; Type: TABLE DATA; Schema: public; Owner: cyrius_admin
--

COPY public."TB_PROVEDOR_INTERNET" (id, nome_operadora, plano_contratado, ip_fixo, telefone_suporte, usuario_pppoe, senha_pppoe, cliente_id) FROM stdin;
\.


--
-- Data for Name: auth_group; Type: TABLE DATA; Schema: public; Owner: cyrius_admin
--

COPY public.auth_group (id, name) FROM stdin;
\.


--
-- Data for Name: auth_group_permissions; Type: TABLE DATA; Schema: public; Owner: cyrius_admin
--

COPY public.auth_group_permissions (id, group_id, permission_id) FROM stdin;
\.


--
-- Data for Name: auth_permission; Type: TABLE DATA; Schema: public; Owner: cyrius_admin
--

COPY public.auth_permission (id, name, content_type_id, codename) FROM stdin;
1	Can add log entry	1	add_logentry
2	Can change log entry	1	change_logentry
3	Can delete log entry	1	delete_logentry
4	Can view log entry	1	view_logentry
5	Can add permission	3	add_permission
6	Can change permission	3	change_permission
7	Can delete permission	3	delete_permission
8	Can view permission	3	view_permission
9	Can add group	2	add_group
10	Can change group	2	change_group
11	Can delete group	2	delete_group
12	Can view group	2	view_group
13	Can add user	4	add_user
14	Can change user	4	change_user
15	Can delete user	4	delete_user
16	Can view user	4	view_user
17	Can add content type	5	add_contenttype
18	Can change content type	5	change_contenttype
19	Can delete content type	5	delete_contenttype
20	Can view content type	5	view_contenttype
21	Can add session	6	add_session
22	Can change session	6	change_session
23	Can delete session	6	delete_session
24	Can view session	6	view_session
25	Can add Cliente	7	add_cliente
26	Can change Cliente	7	change_cliente
27	Can delete Cliente	7	delete_cliente
28	Can view Cliente	7	view_cliente
29	Can add conta email	8	add_contaemail
30	Can change conta email	8	change_contaemail
31	Can delete conta email	8	delete_contaemail
32	Can view conta email	8	view_contaemail
33	Can add Contato do Cliente	9	add_contatocliente
34	Can change Contato do Cliente	9	change_contatocliente
35	Can delete Contato do Cliente	9	delete_contatocliente
36	Can view Contato do Cliente	9	view_contatocliente
37	Can add Contrato	10	add_contratocliente
38	Can change Contrato	10	change_contratocliente
39	Can delete Contrato	10	delete_contratocliente
40	Can view Contrato	10	view_contratocliente
41	Can add Documentação Técnica	11	add_documentacaotecnica
42	Can change Documentação Técnica	11	change_documentacaotecnica
43	Can delete Documentação Técnica	11	delete_documentacaotecnica
44	Can view Documentação Técnica	11	view_documentacaotecnica
45	Can add provedor internet	12	add_provedorinternet
46	Can change provedor internet	12	change_provedorinternet
47	Can delete provedor internet	12	delete_provedorinternet
48	Can view provedor internet	12	view_provedorinternet
49	Can add Membro da Equipe	13	add_equipe
50	Can change Membro da Equipe	13	change_equipe
51	Can delete Membro da Equipe	13	delete_equipe
52	Can view Membro da Equipe	13	view_equipe
53	Can add Ativo/Hardware	14	add_ativo
54	Can change Ativo/Hardware	14	change_ativo
55	Can delete Ativo/Hardware	14	delete_ativo
56	Can view Ativo/Hardware	14	view_ativo
57	Can add Fornecedor	15	add_fornecedor
58	Can change Fornecedor	15	change_fornecedor
59	Can delete Fornecedor	15	delete_fornecedor
60	Can view Fornecedor	15	view_fornecedor
61	Can add Produto	17	add_produto
62	Can change Produto	17	change_produto
63	Can delete Produto	17	delete_produto
64	Can view Produto	17	view_produto
65	Can add Movimentação de Estoque	16	add_movimentacaoestoque
66	Can change Movimentação de Estoque	16	change_movimentacaoestoque
67	Can delete Movimentação de Estoque	16	delete_movimentacaoestoque
68	Can view Movimentação de Estoque	16	view_movimentacaoestoque
69	Can add despesa recorrente	18	add_despesarecorrente
70	Can change despesa recorrente	18	change_despesarecorrente
71	Can delete despesa recorrente	18	delete_despesarecorrente
72	Can view despesa recorrente	18	view_despesarecorrente
73	Can add Lançamento Financeiro	20	add_lancamentofinanceiro
74	Can change Lançamento Financeiro	20	change_lancamentofinanceiro
75	Can delete Lançamento Financeiro	20	delete_lancamentofinanceiro
76	Can view Lançamento Financeiro	20	view_lancamentofinanceiro
77	Can add fechamento financeiro	19	add_fechamentofinanceiro
78	Can change fechamento financeiro	19	change_fechamentofinanceiro
79	Can delete fechamento financeiro	19	delete_fechamentofinanceiro
80	Can view fechamento financeiro	19	view_fechamentofinanceiro
81	Can add chamado	22	add_chamado
82	Can change chamado	22	change_chamado
83	Can delete chamado	22	delete_chamado
84	Can view chamado	22	view_chamado
85	Can add chamado tecnico	23	add_chamadotecnico
86	Can change chamado tecnico	23	change_chamadotecnico
87	Can delete chamado tecnico	23	delete_chamadotecnico
88	Can view chamado tecnico	23	view_chamadotecnico
89	Can add apontamento horas	21	add_apontamentohoras
90	Can change apontamento horas	21	change_apontamentohoras
91	Can delete apontamento horas	21	delete_apontamentohoras
92	Can view apontamento horas	21	view_apontamentohoras
93	Can add equipamento entrada	24	add_equipamentoentrada
94	Can change equipamento entrada	24	change_equipamentoentrada
95	Can delete equipamento entrada	24	delete_equipamentoentrada
96	Can view equipamento entrada	24	view_equipamentoentrada
97	Can add notificacao	27	add_notificacao
98	Can change notificacao	27	change_notificacao
99	Can delete notificacao	27	delete_notificacao
100	Can view notificacao	27	view_notificacao
101	Can add Ordem de Serviço	28	add_ordemservico
102	Can change Ordem de Serviço	28	change_ordemservico
103	Can delete Ordem de Serviço	28	delete_ordemservico
104	Can view Ordem de Serviço	28	view_ordemservico
105	Can add Peça Utilizada	26	add_itemservico
106	Can change Peça Utilizada	26	change_itemservico
107	Can delete Peça Utilizada	26	delete_itemservico
108	Can view Peça Utilizada	26	view_itemservico
109	Can add anexo servico	25	add_anexoservico
110	Can change anexo servico	25	change_anexoservico
111	Can delete anexo servico	25	delete_anexoservico
112	Can view anexo servico	25	view_anexoservico
\.


--
-- Data for Name: auth_user; Type: TABLE DATA; Schema: public; Owner: cyrius_admin
--

COPY public.auth_user (id, password, last_login, is_superuser, username, first_name, last_name, email, is_staff, is_active, date_joined) FROM stdin;
3	pbkdf2_sha256$1200000$W6V6L9CfPW7jSwziWY5TIg$ntFtfNwYRPLMqRkxo+ZRLSukMU4Yk/r1fW8yaSnU7v4=	\N	f	kevin				f	t	2026-02-01 23:35:44.446011+00
5	pbkdf2_sha256$1200000$xdBR2IQDpB8IjxDUUv7SwV$QC0IVuGive5qFXfz6d4q3zB+eaaDEKQhdeERcH1a+Rc=	\N	f	jesaebe				f	t	2026-02-01 23:37:18.369511+00
2	pbkdf2_sha256$1200000$cwQeSVL46Zd4QIf3FKezY7$OMz7JfvFgIbKAJ2hanabo+xQJUfOlcvuan1dKcL7UVg=	\N	f	jhonatas				f	t	2026-02-01 23:34:58.454474+00
4	pbkdf2_sha256$1200000$NqrM9a8Dahh9GsY1qhh6Bt$LeLB0G0kh4SHIqzqvAFau7AKGWr/eqVpXXbXOlhfq0E=	\N	f	gabriel				f	t	2026-02-01 23:36:09.859442+00
6	pbkdf2_sha256$1200000$5Kn7ehaDgI8RwXOwb3eOHL$eD8oUV1d/8RODyHyMdTrqHLd5coSUQ//cXaJ/2JxTiw=	\N	f	claudio				f	t	2026-02-01 23:37:57.529566+00
1	pbkdf2_sha256$1200000$HX8vwhfCBpyzqHkPuduBo0$XV7hBqWYTxW1BPmxX4qEqTZ4TM96sda1m9vM7F27iU0=	2026-02-04 12:47:12.810851+00	t	admin				t	t	2026-02-01 23:33:02.036023+00
\.


--
-- Data for Name: auth_user_groups; Type: TABLE DATA; Schema: public; Owner: cyrius_admin
--

COPY public.auth_user_groups (id, user_id, group_id) FROM stdin;
\.


--
-- Data for Name: auth_user_user_permissions; Type: TABLE DATA; Schema: public; Owner: cyrius_admin
--

COPY public.auth_user_user_permissions (id, user_id, permission_id) FROM stdin;
\.


--
-- Data for Name: django_admin_log; Type: TABLE DATA; Schema: public; Owner: cyrius_admin
--

COPY public.django_admin_log (id, action_time, object_id, object_repr, action_flag, change_message, content_type_id, user_id) FROM stdin;
1	2026-02-01 23:34:59.070623+00	2	jhonatas	1	[{"added": {}}]	4	1
2	2026-02-01 23:35:45.068983+00	3	kevin	1	[{"added": {}}]	4	1
3	2026-02-01 23:36:10.464476+00	4	gabriel	1	[{"added": {}}]	4	1
4	2026-02-01 23:37:18.974368+00	5	jesaebe	1	[{"added": {}}]	4	1
5	2026-02-01 23:37:58.134583+00	6	claudio	1	[{"added": {}}]	4	1
6	2026-02-01 23:38:41.556542+00	1	Kevin Viana	1	[{"added": {}}]	13	1
7	2026-02-01 23:38:56.582361+00	2	Claudio	1	[{"added": {}}]	13	1
8	2026-02-01 23:39:15.282261+00	3	Gabriel	1	[{"added": {}}]	13	1
9	2026-02-01 23:39:35.451231+00	4	Jesaebe	1	[{"added": {}}]	13	1
10	2026-02-01 23:39:49.996641+00	5	Jhonatas Alves	1	[{"added": {}}]	13	1
11	2026-02-02 01:23:27.003042+00	2	20260202002	3		22	1
12	2026-02-02 01:58:19.377064+00	19	Cliente teste	3		7	1
13	2026-02-02 13:27:25.048818+00	6	claudio	2	[{"changed": {"fields": ["password"]}}]	4	1
14	2026-02-02 13:28:05.922238+00	2	Claudio	2	[]	13	1
15	2026-02-03 13:24:27.965995+00	2	MovimentacaoEstoque object (2)	3		16	1
16	2026-02-03 13:24:37.456061+00	1	MovimentacaoEstoque object (1)	3		16	1
17	2026-02-03 13:25:17.699421+00	1	OS #1 - iNSTALAÇÃO DE CAMERAS	3		28	1
18	2026-02-03 13:25:43.640063+00	1	SSD HAYOM	3		17	1
19	2026-02-03 14:30:58.292029+00	12	20260203005	2	[{"changed": {"fields": ["Descricao detalhada"]}}]	22	1
20	2026-02-04 11:48:26.263445+00	16	20260204001	2	[{"changed": {"fields": ["Descricao detalhada"]}}]	22	1
21	2026-02-04 11:50:26.778411+00	15	20260203008	2	[{"changed": {"fields": ["Cliente"]}}]	22	1
22	2026-02-04 11:51:13.497719+00	15	20260203008	2	[{"changed": {"fields": ["Titulo"]}}]	22	1
23	2026-02-05 14:40:18.265548+00	3	Gabriel	2	[{"changed": {"fields": ["Cargo"]}}]	13	1
\.


--
-- Data for Name: django_content_type; Type: TABLE DATA; Schema: public; Owner: cyrius_admin
--

COPY public.django_content_type (id, app_label, model) FROM stdin;
1	admin	logentry
2	auth	group
3	auth	permission
4	auth	user
5	contenttypes	contenttype
6	sessions	session
7	clientes	cliente
8	clientes	contaemail
9	clientes	contatocliente
10	clientes	contratocliente
11	clientes	documentacaotecnica
12	clientes	provedorinternet
13	equipe	equipe
14	infra	ativo
15	estoque	fornecedor
16	estoque	movimentacaoestoque
17	estoque	produto
18	financeiro	despesarecorrente
19	financeiro	fechamentofinanceiro
20	financeiro	lancamentofinanceiro
21	chamados	apontamentohoras
22	chamados	chamado
23	chamados	chamadotecnico
24	chamados	equipamentoentrada
25	servicos	anexoservico
26	servicos	itemservico
27	servicos	notificacao
28	servicos	ordemservico
\.


--
-- Data for Name: django_migrations; Type: TABLE DATA; Schema: public; Owner: cyrius_admin
--

COPY public.django_migrations (id, app, name, applied) FROM stdin;
1	contenttypes	0001_initial	2026-02-01 23:32:26.272682+00
2	auth	0001_initial	2026-02-01 23:32:26.33091+00
3	admin	0001_initial	2026-02-01 23:32:26.348017+00
4	admin	0002_logentry_remove_auto_add	2026-02-01 23:32:26.354503+00
5	admin	0003_logentry_add_action_flag_choices	2026-02-01 23:32:26.361296+00
6	contenttypes	0002_remove_content_type_name	2026-02-01 23:32:26.375256+00
7	auth	0002_alter_permission_name_max_length	2026-02-01 23:32:26.383839+00
8	auth	0003_alter_user_email_max_length	2026-02-01 23:32:26.392955+00
9	auth	0004_alter_user_username_opts	2026-02-01 23:32:26.399477+00
10	auth	0005_alter_user_last_login_null	2026-02-01 23:32:26.406822+00
11	auth	0006_require_contenttypes_0002	2026-02-01 23:32:26.407742+00
12	auth	0007_alter_validators_add_error_messages	2026-02-01 23:32:26.415839+00
13	auth	0008_alter_user_username_max_length	2026-02-01 23:32:26.426754+00
14	auth	0009_alter_user_last_name_max_length	2026-02-01 23:32:26.434267+00
15	auth	0010_alter_group_name_max_length	2026-02-01 23:32:26.44347+00
16	auth	0011_update_proxy_permissions	2026-02-01 23:32:26.451437+00
17	auth	0012_alter_user_first_name_max_length	2026-02-01 23:32:26.459043+00
18	equipe	0001_initial	2026-02-01 23:32:26.474062+00
19	clientes	0001_initial	2026-02-01 23:32:26.524474+00
20	infra	0001_initial	2026-02-01 23:32:26.539659+00
21	chamados	0001_initial	2026-02-01 23:32:26.631263+00
22	chamados	0002_chamado_financeiro_gerado_chamado_valor_servico	2026-02-01 23:32:26.657142+00
23	chamados	0003_chamado_arquivo_conclusao	2026-02-01 23:32:26.669534+00
24	chamados	0004_chamado_arquivo_1_chamado_arquivo_2_and_more	2026-02-01 23:32:26.754057+00
25	clientes	0002_cliente_foto	2026-02-01 23:32:26.762614+00
26	clientes	0003_alter_cliente_options_cliente_nome	2026-02-01 23:32:26.780804+00
27	estoque	0001_initial	2026-02-01 23:32:26.820763+00
28	financeiro	0001_initial	2026-02-01 23:32:26.922167+00
29	financeiro	0002_lancamentofinanceiro_comprovante	2026-02-01 23:32:26.938054+00
30	servicos	0001_initial	2026-02-01 23:32:27.052062+00
31	sessions	0001_initial	2026-02-01 23:32:27.061395+00
\.


--
-- Data for Name: django_session; Type: TABLE DATA; Schema: public; Owner: cyrius_admin
--

COPY public.django_session (session_key, session_data, expire_date) FROM stdin;
qmjzlkj3hwute0dp344gchk3asju3525	.eJxVjEEOwiAQRe_C2hAGsAMu3fcMzXQYpGpoUtqV8e7apAvd_vfef6mBtrUMW5NlmJK6KFCn320kfkjdQbpTvc2a57ou06h3RR-06X5O8rwe7t9BoVa-dfCAGYQ8OhssEnCXXbRMIUMUSYY9ojEWkQ264Dp3jgYMsNgEXRrV-wPAojbZ:1vmgwf:ToKr8pXXopDePO7dkESgXz9E5Vzy4jurmaJV8t93jwM	2026-02-15 23:33:33.985876+00
o65fp519sgyog6n5dh295gdor66ngwpb	.eJxVjEEOwiAQRe_C2hAGsAMu3fcMzXQYpGpoUtqV8e7apAvd_vfef6mBtrUMW5NlmJK6KFCn320kfkjdQbpTvc2a57ou06h3RR-06X5O8rwe7t9BoVa-dfCAGYQ8OhssEnCXXbRMIUMUSYY9ojEWkQ264Dp3jgYMsNgEXRrV-wPAojbZ:1vmiOc:zbKBjictt_4Rf62hEN5nK97c_rv9VKk7LjLU6Rq4lFo	2026-02-16 01:06:30.390658+00
w2rtbnuo54ohb59m8ai28hhrq9j56k5c	.eJxVjEEOwiAQRe_C2hAGsAMu3fcMzXQYpGpoUtqV8e7apAvd_vfef6mBtrUMW5NlmJK6KFCn320kfkjdQbpTvc2a57ou06h3RR-06X5O8rwe7t9BoVa-dfCAGYQ8OhssEnCXXbRMIUMUSYY9ojEWkQ264Dp3jgYMsNgEXRrV-wPAojbZ:1vmtxd:tARRLHEzMGE73vALjI6JK2hL6QtRKheT4sVIGySOCQE	2026-02-16 13:27:25.05409+00
gt4odkr667u9jyhpbxvnekapsi2nv3ld	.eJxVjEEOwiAQRe_C2hAGsAMu3fcMzXQYpGpoUtqV8e7apAvd_vfef6mBtrUMW5NlmJK6KFCn320kfkjdQbpTvc2a57ou06h3RR-06X5O8rwe7t9BoVa-dfCAGYQ8OhssEnCXXbRMIUMUSYY9ojEWkQ264Dp3jgYMsNgEXRrV-wPAojbZ:1vmuIH:Ol7oc27Fi2ovrrkddqRU9_d5GyQmMPvOscv21bwevA0	2026-02-16 13:48:45.919995+00
a74x741smio0rmjhaiolty7689mxao62	.eJxVjEEOwiAQRe_C2hAGsAMu3fcMzXQYpGpoUtqV8e7apAvd_vfef6mBtrUMW5NlmJK6KFCn320kfkjdQbpTvc2a57ou06h3RR-06X5O8rwe7t9BoVa-dfCAGYQ8OhssEnCXXbRMIUMUSYY9ojEWkQ264Dp3jgYMsNgEXRrV-wPAojbZ:1vncHo:NNwW84ZH_l9NuAinOB3xr2xZEdoqiHXBKVg_6kJp524	2026-02-18 12:47:12.812524+00
\.


--
-- Name: TB_ANEXO_SERVICO_id_seq; Type: SEQUENCE SET; Schema: public; Owner: cyrius_admin
--

SELECT pg_catalog.setval('public."TB_ANEXO_SERVICO_id_seq"', 1, false);


--
-- Name: TB_APONTAMENTO_HORAS_id_seq; Type: SEQUENCE SET; Schema: public; Owner: cyrius_admin
--

SELECT pg_catalog.setval('public."TB_APONTAMENTO_HORAS_id_seq"', 1, false);


--
-- Name: TB_ATIVO_id_seq; Type: SEQUENCE SET; Schema: public; Owner: cyrius_admin
--

SELECT pg_catalog.setval('public."TB_ATIVO_id_seq"', 1, true);


--
-- Name: TB_CHAMADO_TECNICO_id_seq; Type: SEQUENCE SET; Schema: public; Owner: cyrius_admin
--

SELECT pg_catalog.setval('public."TB_CHAMADO_TECNICO_id_seq"', 27, true);


--
-- Name: TB_CHAMADO_id_seq; Type: SEQUENCE SET; Schema: public; Owner: cyrius_admin
--

SELECT pg_catalog.setval('public."TB_CHAMADO_id_seq"', 26, true);


--
-- Name: TB_CLIENTE_id_seq; Type: SEQUENCE SET; Schema: public; Owner: cyrius_admin
--

SELECT pg_catalog.setval('public."TB_CLIENTE_id_seq"', 24, true);


--
-- Name: TB_CONTATO_CLIENTE_id_seq; Type: SEQUENCE SET; Schema: public; Owner: cyrius_admin
--

SELECT pg_catalog.setval('public."TB_CONTATO_CLIENTE_id_seq"', 2, true);


--
-- Name: TB_CONTA_EMAIL_id_seq; Type: SEQUENCE SET; Schema: public; Owner: cyrius_admin
--

SELECT pg_catalog.setval('public."TB_CONTA_EMAIL_id_seq"', 128, true);


--
-- Name: TB_CONTRATO_CLIENTE_id_seq; Type: SEQUENCE SET; Schema: public; Owner: cyrius_admin
--

SELECT pg_catalog.setval('public."TB_CONTRATO_CLIENTE_id_seq"', 1, false);


--
-- Name: TB_DESPESA_RECORRENTE_id_seq; Type: SEQUENCE SET; Schema: public; Owner: cyrius_admin
--

SELECT pg_catalog.setval('public."TB_DESPESA_RECORRENTE_id_seq"', 1, false);


--
-- Name: TB_DOCUMENTACAO_TECNICA_id_seq; Type: SEQUENCE SET; Schema: public; Owner: cyrius_admin
--

SELECT pg_catalog.setval('public."TB_DOCUMENTACAO_TECNICA_id_seq"', 1, false);


--
-- Name: TB_EQUIPAMENTO_ENTRADA_id_seq; Type: SEQUENCE SET; Schema: public; Owner: cyrius_admin
--

SELECT pg_catalog.setval('public."TB_EQUIPAMENTO_ENTRADA_id_seq"', 1, false);


--
-- Name: TB_EQUIPE_id_seq; Type: SEQUENCE SET; Schema: public; Owner: cyrius_admin
--

SELECT pg_catalog.setval('public."TB_EQUIPE_id_seq"', 5, true);


--
-- Name: TB_FECHAMENTO_FINANCEIRO_id_seq; Type: SEQUENCE SET; Schema: public; Owner: cyrius_admin
--

SELECT pg_catalog.setval('public."TB_FECHAMENTO_FINANCEIRO_id_seq"', 1, false);


--
-- Name: TB_FORNECEDOR_id_seq; Type: SEQUENCE SET; Schema: public; Owner: cyrius_admin
--

SELECT pg_catalog.setval('public."TB_FORNECEDOR_id_seq"', 5, true);


--
-- Name: TB_ITEM_SERVICO_id_seq; Type: SEQUENCE SET; Schema: public; Owner: cyrius_admin
--

SELECT pg_catalog.setval('public."TB_ITEM_SERVICO_id_seq"', 6, true);


--
-- Name: TB_LANCAMENTO_FINANCEIRO_id_seq; Type: SEQUENCE SET; Schema: public; Owner: cyrius_admin
--

SELECT pg_catalog.setval('public."TB_LANCAMENTO_FINANCEIRO_id_seq"', 47, true);


--
-- Name: TB_MOVIMENTACAO_ESTOQUE_id_seq; Type: SEQUENCE SET; Schema: public; Owner: cyrius_admin
--

SELECT pg_catalog.setval('public."TB_MOVIMENTACAO_ESTOQUE_id_seq"', 7, true);


--
-- Name: TB_NOTIFICACAO_id_seq; Type: SEQUENCE SET; Schema: public; Owner: cyrius_admin
--

SELECT pg_catalog.setval('public."TB_NOTIFICACAO_id_seq"', 1, false);


--
-- Name: TB_ORDEM_SERVICO_id_seq; Type: SEQUENCE SET; Schema: public; Owner: cyrius_admin
--

SELECT pg_catalog.setval('public."TB_ORDEM_SERVICO_id_seq"', 5, true);


--
-- Name: TB_PRODUTO_id_seq; Type: SEQUENCE SET; Schema: public; Owner: cyrius_admin
--

SELECT pg_catalog.setval('public."TB_PRODUTO_id_seq"', 6, true);


--
-- Name: TB_PROVEDOR_INTERNET_id_seq; Type: SEQUENCE SET; Schema: public; Owner: cyrius_admin
--

SELECT pg_catalog.setval('public."TB_PROVEDOR_INTERNET_id_seq"', 1, false);


--
-- Name: auth_group_id_seq; Type: SEQUENCE SET; Schema: public; Owner: cyrius_admin
--

SELECT pg_catalog.setval('public.auth_group_id_seq', 1, false);


--
-- Name: auth_group_permissions_id_seq; Type: SEQUENCE SET; Schema: public; Owner: cyrius_admin
--

SELECT pg_catalog.setval('public.auth_group_permissions_id_seq', 1, false);


--
-- Name: auth_permission_id_seq; Type: SEQUENCE SET; Schema: public; Owner: cyrius_admin
--

SELECT pg_catalog.setval('public.auth_permission_id_seq', 112, true);


--
-- Name: auth_user_groups_id_seq; Type: SEQUENCE SET; Schema: public; Owner: cyrius_admin
--

SELECT pg_catalog.setval('public.auth_user_groups_id_seq', 1, false);


--
-- Name: auth_user_id_seq; Type: SEQUENCE SET; Schema: public; Owner: cyrius_admin
--

SELECT pg_catalog.setval('public.auth_user_id_seq', 6, true);


--
-- Name: auth_user_user_permissions_id_seq; Type: SEQUENCE SET; Schema: public; Owner: cyrius_admin
--

SELECT pg_catalog.setval('public.auth_user_user_permissions_id_seq', 1, false);


--
-- Name: django_admin_log_id_seq; Type: SEQUENCE SET; Schema: public; Owner: cyrius_admin
--

SELECT pg_catalog.setval('public.django_admin_log_id_seq', 23, true);


--
-- Name: django_content_type_id_seq; Type: SEQUENCE SET; Schema: public; Owner: cyrius_admin
--

SELECT pg_catalog.setval('public.django_content_type_id_seq', 28, true);


--
-- Name: django_migrations_id_seq; Type: SEQUENCE SET; Schema: public; Owner: cyrius_admin
--

SELECT pg_catalog.setval('public.django_migrations_id_seq', 31, true);


--
-- Name: TB_ANEXO_SERVICO TB_ANEXO_SERVICO_pkey; Type: CONSTRAINT; Schema: public; Owner: cyrius_admin
--

ALTER TABLE ONLY public."TB_ANEXO_SERVICO"
    ADD CONSTRAINT "TB_ANEXO_SERVICO_pkey" PRIMARY KEY (id);


--
-- Name: TB_APONTAMENTO_HORAS TB_APONTAMENTO_HORAS_pkey; Type: CONSTRAINT; Schema: public; Owner: cyrius_admin
--

ALTER TABLE ONLY public."TB_APONTAMENTO_HORAS"
    ADD CONSTRAINT "TB_APONTAMENTO_HORAS_pkey" PRIMARY KEY (id);


--
-- Name: TB_ATIVO TB_ATIVO_pkey; Type: CONSTRAINT; Schema: public; Owner: cyrius_admin
--

ALTER TABLE ONLY public."TB_ATIVO"
    ADD CONSTRAINT "TB_ATIVO_pkey" PRIMARY KEY (id);


--
-- Name: TB_CHAMADO_TECNICO TB_CHAMADO_TECNICO_chamado_id_tecnico_id_69538a18_uniq; Type: CONSTRAINT; Schema: public; Owner: cyrius_admin
--

ALTER TABLE ONLY public."TB_CHAMADO_TECNICO"
    ADD CONSTRAINT "TB_CHAMADO_TECNICO_chamado_id_tecnico_id_69538a18_uniq" UNIQUE (chamado_id, tecnico_id);


--
-- Name: TB_CHAMADO_TECNICO TB_CHAMADO_TECNICO_pkey; Type: CONSTRAINT; Schema: public; Owner: cyrius_admin
--

ALTER TABLE ONLY public."TB_CHAMADO_TECNICO"
    ADD CONSTRAINT "TB_CHAMADO_TECNICO_pkey" PRIMARY KEY (id);


--
-- Name: TB_CHAMADO TB_CHAMADO_pkey; Type: CONSTRAINT; Schema: public; Owner: cyrius_admin
--

ALTER TABLE ONLY public."TB_CHAMADO"
    ADD CONSTRAINT "TB_CHAMADO_pkey" PRIMARY KEY (id);


--
-- Name: TB_CHAMADO TB_CHAMADO_protocolo_key; Type: CONSTRAINT; Schema: public; Owner: cyrius_admin
--

ALTER TABLE ONLY public."TB_CHAMADO"
    ADD CONSTRAINT "TB_CHAMADO_protocolo_key" UNIQUE (protocolo);


--
-- Name: TB_CLIENTE TB_CLIENTE_pkey; Type: CONSTRAINT; Schema: public; Owner: cyrius_admin
--

ALTER TABLE ONLY public."TB_CLIENTE"
    ADD CONSTRAINT "TB_CLIENTE_pkey" PRIMARY KEY (id);


--
-- Name: TB_CONTATO_CLIENTE TB_CONTATO_CLIENTE_pkey; Type: CONSTRAINT; Schema: public; Owner: cyrius_admin
--

ALTER TABLE ONLY public."TB_CONTATO_CLIENTE"
    ADD CONSTRAINT "TB_CONTATO_CLIENTE_pkey" PRIMARY KEY (id);


--
-- Name: TB_CONTA_EMAIL TB_CONTA_EMAIL_pkey; Type: CONSTRAINT; Schema: public; Owner: cyrius_admin
--

ALTER TABLE ONLY public."TB_CONTA_EMAIL"
    ADD CONSTRAINT "TB_CONTA_EMAIL_pkey" PRIMARY KEY (id);


--
-- Name: TB_CONTRATO_CLIENTE TB_CONTRATO_CLIENTE_pkey; Type: CONSTRAINT; Schema: public; Owner: cyrius_admin
--

ALTER TABLE ONLY public."TB_CONTRATO_CLIENTE"
    ADD CONSTRAINT "TB_CONTRATO_CLIENTE_pkey" PRIMARY KEY (id);


--
-- Name: TB_DESPESA_RECORRENTE TB_DESPESA_RECORRENTE_pkey; Type: CONSTRAINT; Schema: public; Owner: cyrius_admin
--

ALTER TABLE ONLY public."TB_DESPESA_RECORRENTE"
    ADD CONSTRAINT "TB_DESPESA_RECORRENTE_pkey" PRIMARY KEY (id);


--
-- Name: TB_DOCUMENTACAO_TECNICA TB_DOCUMENTACAO_TECNICA_cliente_id_key; Type: CONSTRAINT; Schema: public; Owner: cyrius_admin
--

ALTER TABLE ONLY public."TB_DOCUMENTACAO_TECNICA"
    ADD CONSTRAINT "TB_DOCUMENTACAO_TECNICA_cliente_id_key" UNIQUE (cliente_id);


--
-- Name: TB_DOCUMENTACAO_TECNICA TB_DOCUMENTACAO_TECNICA_pkey; Type: CONSTRAINT; Schema: public; Owner: cyrius_admin
--

ALTER TABLE ONLY public."TB_DOCUMENTACAO_TECNICA"
    ADD CONSTRAINT "TB_DOCUMENTACAO_TECNICA_pkey" PRIMARY KEY (id);


--
-- Name: TB_EQUIPAMENTO_ENTRADA TB_EQUIPAMENTO_ENTRADA_chamado_id_key; Type: CONSTRAINT; Schema: public; Owner: cyrius_admin
--

ALTER TABLE ONLY public."TB_EQUIPAMENTO_ENTRADA"
    ADD CONSTRAINT "TB_EQUIPAMENTO_ENTRADA_chamado_id_key" UNIQUE (chamado_id);


--
-- Name: TB_EQUIPAMENTO_ENTRADA TB_EQUIPAMENTO_ENTRADA_pkey; Type: CONSTRAINT; Schema: public; Owner: cyrius_admin
--

ALTER TABLE ONLY public."TB_EQUIPAMENTO_ENTRADA"
    ADD CONSTRAINT "TB_EQUIPAMENTO_ENTRADA_pkey" PRIMARY KEY (id);


--
-- Name: TB_EQUIPE TB_EQUIPE_pkey; Type: CONSTRAINT; Schema: public; Owner: cyrius_admin
--

ALTER TABLE ONLY public."TB_EQUIPE"
    ADD CONSTRAINT "TB_EQUIPE_pkey" PRIMARY KEY (id);


--
-- Name: TB_EQUIPE TB_EQUIPE_usuario_id_key; Type: CONSTRAINT; Schema: public; Owner: cyrius_admin
--

ALTER TABLE ONLY public."TB_EQUIPE"
    ADD CONSTRAINT "TB_EQUIPE_usuario_id_key" UNIQUE (usuario_id);


--
-- Name: TB_FECHAMENTO_FINANCEIRO TB_FECHAMENTO_FINANCEIRO_ano_mes_12ed4c03_uniq; Type: CONSTRAINT; Schema: public; Owner: cyrius_admin
--

ALTER TABLE ONLY public."TB_FECHAMENTO_FINANCEIRO"
    ADD CONSTRAINT "TB_FECHAMENTO_FINANCEIRO_ano_mes_12ed4c03_uniq" UNIQUE (ano, mes);


--
-- Name: TB_FECHAMENTO_FINANCEIRO TB_FECHAMENTO_FINANCEIRO_pkey; Type: CONSTRAINT; Schema: public; Owner: cyrius_admin
--

ALTER TABLE ONLY public."TB_FECHAMENTO_FINANCEIRO"
    ADD CONSTRAINT "TB_FECHAMENTO_FINANCEIRO_pkey" PRIMARY KEY (id);


--
-- Name: TB_FORNECEDOR TB_FORNECEDOR_pkey; Type: CONSTRAINT; Schema: public; Owner: cyrius_admin
--

ALTER TABLE ONLY public."TB_FORNECEDOR"
    ADD CONSTRAINT "TB_FORNECEDOR_pkey" PRIMARY KEY (id);


--
-- Name: TB_ITEM_SERVICO TB_ITEM_SERVICO_pkey; Type: CONSTRAINT; Schema: public; Owner: cyrius_admin
--

ALTER TABLE ONLY public."TB_ITEM_SERVICO"
    ADD CONSTRAINT "TB_ITEM_SERVICO_pkey" PRIMARY KEY (id);


--
-- Name: TB_LANCAMENTO_FINANCEIRO TB_LANCAMENTO_FINANCEIRO_pkey; Type: CONSTRAINT; Schema: public; Owner: cyrius_admin
--

ALTER TABLE ONLY public."TB_LANCAMENTO_FINANCEIRO"
    ADD CONSTRAINT "TB_LANCAMENTO_FINANCEIRO_pkey" PRIMARY KEY (id);


--
-- Name: TB_MOVIMENTACAO_ESTOQUE TB_MOVIMENTACAO_ESTOQUE_pkey; Type: CONSTRAINT; Schema: public; Owner: cyrius_admin
--

ALTER TABLE ONLY public."TB_MOVIMENTACAO_ESTOQUE"
    ADD CONSTRAINT "TB_MOVIMENTACAO_ESTOQUE_pkey" PRIMARY KEY (id);


--
-- Name: TB_NOTIFICACAO TB_NOTIFICACAO_pkey; Type: CONSTRAINT; Schema: public; Owner: cyrius_admin
--

ALTER TABLE ONLY public."TB_NOTIFICACAO"
    ADD CONSTRAINT "TB_NOTIFICACAO_pkey" PRIMARY KEY (id);


--
-- Name: TB_ORDEM_SERVICO TB_ORDEM_SERVICO_pkey; Type: CONSTRAINT; Schema: public; Owner: cyrius_admin
--

ALTER TABLE ONLY public."TB_ORDEM_SERVICO"
    ADD CONSTRAINT "TB_ORDEM_SERVICO_pkey" PRIMARY KEY (id);


--
-- Name: TB_PRODUTO TB_PRODUTO_pkey; Type: CONSTRAINT; Schema: public; Owner: cyrius_admin
--

ALTER TABLE ONLY public."TB_PRODUTO"
    ADD CONSTRAINT "TB_PRODUTO_pkey" PRIMARY KEY (id);


--
-- Name: TB_PROVEDOR_INTERNET TB_PROVEDOR_INTERNET_pkey; Type: CONSTRAINT; Schema: public; Owner: cyrius_admin
--

ALTER TABLE ONLY public."TB_PROVEDOR_INTERNET"
    ADD CONSTRAINT "TB_PROVEDOR_INTERNET_pkey" PRIMARY KEY (id);


--
-- Name: auth_group auth_group_name_key; Type: CONSTRAINT; Schema: public; Owner: cyrius_admin
--

ALTER TABLE ONLY public.auth_group
    ADD CONSTRAINT auth_group_name_key UNIQUE (name);


--
-- Name: auth_group_permissions auth_group_permissions_group_id_permission_id_0cd325b0_uniq; Type: CONSTRAINT; Schema: public; Owner: cyrius_admin
--

ALTER TABLE ONLY public.auth_group_permissions
    ADD CONSTRAINT auth_group_permissions_group_id_permission_id_0cd325b0_uniq UNIQUE (group_id, permission_id);


--
-- Name: auth_group_permissions auth_group_permissions_pkey; Type: CONSTRAINT; Schema: public; Owner: cyrius_admin
--

ALTER TABLE ONLY public.auth_group_permissions
    ADD CONSTRAINT auth_group_permissions_pkey PRIMARY KEY (id);


--
-- Name: auth_group auth_group_pkey; Type: CONSTRAINT; Schema: public; Owner: cyrius_admin
--

ALTER TABLE ONLY public.auth_group
    ADD CONSTRAINT auth_group_pkey PRIMARY KEY (id);


--
-- Name: auth_permission auth_permission_content_type_id_codename_01ab375a_uniq; Type: CONSTRAINT; Schema: public; Owner: cyrius_admin
--

ALTER TABLE ONLY public.auth_permission
    ADD CONSTRAINT auth_permission_content_type_id_codename_01ab375a_uniq UNIQUE (content_type_id, codename);


--
-- Name: auth_permission auth_permission_pkey; Type: CONSTRAINT; Schema: public; Owner: cyrius_admin
--

ALTER TABLE ONLY public.auth_permission
    ADD CONSTRAINT auth_permission_pkey PRIMARY KEY (id);


--
-- Name: auth_user_groups auth_user_groups_pkey; Type: CONSTRAINT; Schema: public; Owner: cyrius_admin
--

ALTER TABLE ONLY public.auth_user_groups
    ADD CONSTRAINT auth_user_groups_pkey PRIMARY KEY (id);


--
-- Name: auth_user_groups auth_user_groups_user_id_group_id_94350c0c_uniq; Type: CONSTRAINT; Schema: public; Owner: cyrius_admin
--

ALTER TABLE ONLY public.auth_user_groups
    ADD CONSTRAINT auth_user_groups_user_id_group_id_94350c0c_uniq UNIQUE (user_id, group_id);


--
-- Name: auth_user auth_user_pkey; Type: CONSTRAINT; Schema: public; Owner: cyrius_admin
--

ALTER TABLE ONLY public.auth_user
    ADD CONSTRAINT auth_user_pkey PRIMARY KEY (id);


--
-- Name: auth_user_user_permissions auth_user_user_permissions_pkey; Type: CONSTRAINT; Schema: public; Owner: cyrius_admin
--

ALTER TABLE ONLY public.auth_user_user_permissions
    ADD CONSTRAINT auth_user_user_permissions_pkey PRIMARY KEY (id);


--
-- Name: auth_user_user_permissions auth_user_user_permissions_user_id_permission_id_14a6b632_uniq; Type: CONSTRAINT; Schema: public; Owner: cyrius_admin
--

ALTER TABLE ONLY public.auth_user_user_permissions
    ADD CONSTRAINT auth_user_user_permissions_user_id_permission_id_14a6b632_uniq UNIQUE (user_id, permission_id);


--
-- Name: auth_user auth_user_username_key; Type: CONSTRAINT; Schema: public; Owner: cyrius_admin
--

ALTER TABLE ONLY public.auth_user
    ADD CONSTRAINT auth_user_username_key UNIQUE (username);


--
-- Name: django_admin_log django_admin_log_pkey; Type: CONSTRAINT; Schema: public; Owner: cyrius_admin
--

ALTER TABLE ONLY public.django_admin_log
    ADD CONSTRAINT django_admin_log_pkey PRIMARY KEY (id);


--
-- Name: django_content_type django_content_type_app_label_model_76bd3d3b_uniq; Type: CONSTRAINT; Schema: public; Owner: cyrius_admin
--

ALTER TABLE ONLY public.django_content_type
    ADD CONSTRAINT django_content_type_app_label_model_76bd3d3b_uniq UNIQUE (app_label, model);


--
-- Name: django_content_type django_content_type_pkey; Type: CONSTRAINT; Schema: public; Owner: cyrius_admin
--

ALTER TABLE ONLY public.django_content_type
    ADD CONSTRAINT django_content_type_pkey PRIMARY KEY (id);


--
-- Name: django_migrations django_migrations_pkey; Type: CONSTRAINT; Schema: public; Owner: cyrius_admin
--

ALTER TABLE ONLY public.django_migrations
    ADD CONSTRAINT django_migrations_pkey PRIMARY KEY (id);


--
-- Name: django_session django_session_pkey; Type: CONSTRAINT; Schema: public; Owner: cyrius_admin
--

ALTER TABLE ONLY public.django_session
    ADD CONSTRAINT django_session_pkey PRIMARY KEY (session_key);


--
-- Name: TB_ANEXO_SERVICO_os_id_75b37836; Type: INDEX; Schema: public; Owner: cyrius_admin
--

CREATE INDEX "TB_ANEXO_SERVICO_os_id_75b37836" ON public."TB_ANEXO_SERVICO" USING btree (os_id);


--
-- Name: TB_APONTAMENTO_HORAS_chamado_tecnico_id_bca44c82; Type: INDEX; Schema: public; Owner: cyrius_admin
--

CREATE INDEX "TB_APONTAMENTO_HORAS_chamado_tecnico_id_bca44c82" ON public."TB_APONTAMENTO_HORAS" USING btree (chamado_tecnico_id);


--
-- Name: TB_ATIVO_cliente_id_74ad7eaa; Type: INDEX; Schema: public; Owner: cyrius_admin
--

CREATE INDEX "TB_ATIVO_cliente_id_74ad7eaa" ON public."TB_ATIVO" USING btree (cliente_id);


--
-- Name: TB_CHAMADO_TECNICO_chamado_id_1dceea38; Type: INDEX; Schema: public; Owner: cyrius_admin
--

CREATE INDEX "TB_CHAMADO_TECNICO_chamado_id_1dceea38" ON public."TB_CHAMADO_TECNICO" USING btree (chamado_id);


--
-- Name: TB_CHAMADO_TECNICO_tecnico_id_1dc9f986; Type: INDEX; Schema: public; Owner: cyrius_admin
--

CREATE INDEX "TB_CHAMADO_TECNICO_tecnico_id_1dc9f986" ON public."TB_CHAMADO_TECNICO" USING btree (tecnico_id);


--
-- Name: TB_CHAMADO_ativo_id_254b35c0; Type: INDEX; Schema: public; Owner: cyrius_admin
--

CREATE INDEX "TB_CHAMADO_ativo_id_254b35c0" ON public."TB_CHAMADO" USING btree (ativo_id);


--
-- Name: TB_CHAMADO_cliente_id_22c82154; Type: INDEX; Schema: public; Owner: cyrius_admin
--

CREATE INDEX "TB_CHAMADO_cliente_id_22c82154" ON public."TB_CHAMADO" USING btree (cliente_id);


--
-- Name: TB_CHAMADO_protocolo_122472cb_like; Type: INDEX; Schema: public; Owner: cyrius_admin
--

CREATE INDEX "TB_CHAMADO_protocolo_122472cb_like" ON public."TB_CHAMADO" USING btree (protocolo varchar_pattern_ops);


--
-- Name: TB_CHAMADO_tecnico_id_a49344be; Type: INDEX; Schema: public; Owner: cyrius_admin
--

CREATE INDEX "TB_CHAMADO_tecnico_id_a49344be" ON public."TB_CHAMADO" USING btree (tecnico_id);


--
-- Name: TB_CONTATO_CLIENTE_cliente_id_a328526a; Type: INDEX; Schema: public; Owner: cyrius_admin
--

CREATE INDEX "TB_CONTATO_CLIENTE_cliente_id_a328526a" ON public."TB_CONTATO_CLIENTE" USING btree (cliente_id);


--
-- Name: TB_CONTA_EMAIL_cliente_id_d4da24e6; Type: INDEX; Schema: public; Owner: cyrius_admin
--

CREATE INDEX "TB_CONTA_EMAIL_cliente_id_d4da24e6" ON public."TB_CONTA_EMAIL" USING btree (cliente_id);


--
-- Name: TB_CONTRATO_CLIENTE_cliente_id_b0a6c60d; Type: INDEX; Schema: public; Owner: cyrius_admin
--

CREATE INDEX "TB_CONTRATO_CLIENTE_cliente_id_b0a6c60d" ON public."TB_CONTRATO_CLIENTE" USING btree (cliente_id);


--
-- Name: TB_FECHAMENTO_FINANCEIRO_fechado_por_id_160412f8; Type: INDEX; Schema: public; Owner: cyrius_admin
--

CREATE INDEX "TB_FECHAMENTO_FINANCEIRO_fechado_por_id_160412f8" ON public."TB_FECHAMENTO_FINANCEIRO" USING btree (fechado_por_id);


--
-- Name: TB_ITEM_SERVICO_os_id_a5e75fd2; Type: INDEX; Schema: public; Owner: cyrius_admin
--

CREATE INDEX "TB_ITEM_SERVICO_os_id_a5e75fd2" ON public."TB_ITEM_SERVICO" USING btree (os_id);


--
-- Name: TB_ITEM_SERVICO_produto_id_b97c4ce2; Type: INDEX; Schema: public; Owner: cyrius_admin
--

CREATE INDEX "TB_ITEM_SERVICO_produto_id_b97c4ce2" ON public."TB_ITEM_SERVICO" USING btree (produto_id);


--
-- Name: TB_LANCAMENTO_FINANCEIRO_cliente_id_4388cfc8; Type: INDEX; Schema: public; Owner: cyrius_admin
--

CREATE INDEX "TB_LANCAMENTO_FINANCEIRO_cliente_id_4388cfc8" ON public."TB_LANCAMENTO_FINANCEIRO" USING btree (cliente_id);


--
-- Name: TB_LANCAMENTO_FINANCEIRO_fornecedor_id_c8ec4c99; Type: INDEX; Schema: public; Owner: cyrius_admin
--

CREATE INDEX "TB_LANCAMENTO_FINANCEIRO_fornecedor_id_c8ec4c99" ON public."TB_LANCAMENTO_FINANCEIRO" USING btree (fornecedor_id);


--
-- Name: TB_LANCAMENTO_FINANCEIRO_tecnico_id_de3db911; Type: INDEX; Schema: public; Owner: cyrius_admin
--

CREATE INDEX "TB_LANCAMENTO_FINANCEIRO_tecnico_id_de3db911" ON public."TB_LANCAMENTO_FINANCEIRO" USING btree (tecnico_id);


--
-- Name: TB_MOVIMENTACAO_ESTOQUE_cliente_id_b37e38cc; Type: INDEX; Schema: public; Owner: cyrius_admin
--

CREATE INDEX "TB_MOVIMENTACAO_ESTOQUE_cliente_id_b37e38cc" ON public."TB_MOVIMENTACAO_ESTOQUE" USING btree (cliente_id);


--
-- Name: TB_MOVIMENTACAO_ESTOQUE_fornecedor_id_2bd26b54; Type: INDEX; Schema: public; Owner: cyrius_admin
--

CREATE INDEX "TB_MOVIMENTACAO_ESTOQUE_fornecedor_id_2bd26b54" ON public."TB_MOVIMENTACAO_ESTOQUE" USING btree (fornecedor_id);


--
-- Name: TB_MOVIMENTACAO_ESTOQUE_produto_id_9c960ec7; Type: INDEX; Schema: public; Owner: cyrius_admin
--

CREATE INDEX "TB_MOVIMENTACAO_ESTOQUE_produto_id_9c960ec7" ON public."TB_MOVIMENTACAO_ESTOQUE" USING btree (produto_id);


--
-- Name: TB_MOVIMENTACAO_ESTOQUE_usuario_id_4ffa0f1e; Type: INDEX; Schema: public; Owner: cyrius_admin
--

CREATE INDEX "TB_MOVIMENTACAO_ESTOQUE_usuario_id_4ffa0f1e" ON public."TB_MOVIMENTACAO_ESTOQUE" USING btree (usuario_id);


--
-- Name: TB_NOTIFICACAO_destinatario_id_d8b3616a; Type: INDEX; Schema: public; Owner: cyrius_admin
--

CREATE INDEX "TB_NOTIFICACAO_destinatario_id_d8b3616a" ON public."TB_NOTIFICACAO" USING btree (destinatario_id);


--
-- Name: TB_ORDEM_SERVICO_ativo_id_38319679; Type: INDEX; Schema: public; Owner: cyrius_admin
--

CREATE INDEX "TB_ORDEM_SERVICO_ativo_id_38319679" ON public."TB_ORDEM_SERVICO" USING btree (ativo_id);


--
-- Name: TB_ORDEM_SERVICO_cliente_id_9853d33f; Type: INDEX; Schema: public; Owner: cyrius_admin
--

CREATE INDEX "TB_ORDEM_SERVICO_cliente_id_9853d33f" ON public."TB_ORDEM_SERVICO" USING btree (cliente_id);


--
-- Name: TB_ORDEM_SERVICO_tecnico_responsavel_id_8fd509fd; Type: INDEX; Schema: public; Owner: cyrius_admin
--

CREATE INDEX "TB_ORDEM_SERVICO_tecnico_responsavel_id_8fd509fd" ON public."TB_ORDEM_SERVICO" USING btree (tecnico_responsavel_id);


--
-- Name: TB_PROVEDOR_INTERNET_cliente_id_211161e7; Type: INDEX; Schema: public; Owner: cyrius_admin
--

CREATE INDEX "TB_PROVEDOR_INTERNET_cliente_id_211161e7" ON public."TB_PROVEDOR_INTERNET" USING btree (cliente_id);


--
-- Name: auth_group_name_a6ea08ec_like; Type: INDEX; Schema: public; Owner: cyrius_admin
--

CREATE INDEX auth_group_name_a6ea08ec_like ON public.auth_group USING btree (name varchar_pattern_ops);


--
-- Name: auth_group_permissions_group_id_b120cbf9; Type: INDEX; Schema: public; Owner: cyrius_admin
--

CREATE INDEX auth_group_permissions_group_id_b120cbf9 ON public.auth_group_permissions USING btree (group_id);


--
-- Name: auth_group_permissions_permission_id_84c5c92e; Type: INDEX; Schema: public; Owner: cyrius_admin
--

CREATE INDEX auth_group_permissions_permission_id_84c5c92e ON public.auth_group_permissions USING btree (permission_id);


--
-- Name: auth_permission_content_type_id_2f476e4b; Type: INDEX; Schema: public; Owner: cyrius_admin
--

CREATE INDEX auth_permission_content_type_id_2f476e4b ON public.auth_permission USING btree (content_type_id);


--
-- Name: auth_user_groups_group_id_97559544; Type: INDEX; Schema: public; Owner: cyrius_admin
--

CREATE INDEX auth_user_groups_group_id_97559544 ON public.auth_user_groups USING btree (group_id);


--
-- Name: auth_user_groups_user_id_6a12ed8b; Type: INDEX; Schema: public; Owner: cyrius_admin
--

CREATE INDEX auth_user_groups_user_id_6a12ed8b ON public.auth_user_groups USING btree (user_id);


--
-- Name: auth_user_user_permissions_permission_id_1fbb5f2c; Type: INDEX; Schema: public; Owner: cyrius_admin
--

CREATE INDEX auth_user_user_permissions_permission_id_1fbb5f2c ON public.auth_user_user_permissions USING btree (permission_id);


--
-- Name: auth_user_user_permissions_user_id_a95ead1b; Type: INDEX; Schema: public; Owner: cyrius_admin
--

CREATE INDEX auth_user_user_permissions_user_id_a95ead1b ON public.auth_user_user_permissions USING btree (user_id);


--
-- Name: auth_user_username_6821ab7c_like; Type: INDEX; Schema: public; Owner: cyrius_admin
--

CREATE INDEX auth_user_username_6821ab7c_like ON public.auth_user USING btree (username varchar_pattern_ops);


--
-- Name: django_admin_log_content_type_id_c4bce8eb; Type: INDEX; Schema: public; Owner: cyrius_admin
--

CREATE INDEX django_admin_log_content_type_id_c4bce8eb ON public.django_admin_log USING btree (content_type_id);


--
-- Name: django_admin_log_user_id_c564eba6; Type: INDEX; Schema: public; Owner: cyrius_admin
--

CREATE INDEX django_admin_log_user_id_c564eba6 ON public.django_admin_log USING btree (user_id);


--
-- Name: django_session_expire_date_a5c62663; Type: INDEX; Schema: public; Owner: cyrius_admin
--

CREATE INDEX django_session_expire_date_a5c62663 ON public.django_session USING btree (expire_date);


--
-- Name: django_session_session_key_c0390e0f_like; Type: INDEX; Schema: public; Owner: cyrius_admin
--

CREATE INDEX django_session_session_key_c0390e0f_like ON public.django_session USING btree (session_key varchar_pattern_ops);


--
-- Name: TB_ANEXO_SERVICO TB_ANEXO_SERVICO_os_id_75b37836_fk_TB_ORDEM_SERVICO_id; Type: FK CONSTRAINT; Schema: public; Owner: cyrius_admin
--

ALTER TABLE ONLY public."TB_ANEXO_SERVICO"
    ADD CONSTRAINT "TB_ANEXO_SERVICO_os_id_75b37836_fk_TB_ORDEM_SERVICO_id" FOREIGN KEY (os_id) REFERENCES public."TB_ORDEM_SERVICO"(id) DEFERRABLE INITIALLY DEFERRED;


--
-- Name: TB_APONTAMENTO_HORAS TB_APONTAMENTO_HORAS_chamado_tecnico_id_bca44c82_fk_TB_CHAMAD; Type: FK CONSTRAINT; Schema: public; Owner: cyrius_admin
--

ALTER TABLE ONLY public."TB_APONTAMENTO_HORAS"
    ADD CONSTRAINT "TB_APONTAMENTO_HORAS_chamado_tecnico_id_bca44c82_fk_TB_CHAMAD" FOREIGN KEY (chamado_tecnico_id) REFERENCES public."TB_CHAMADO_TECNICO"(id) DEFERRABLE INITIALLY DEFERRED;


--
-- Name: TB_ATIVO TB_ATIVO_cliente_id_74ad7eaa_fk_TB_CLIENTE_id; Type: FK CONSTRAINT; Schema: public; Owner: cyrius_admin
--

ALTER TABLE ONLY public."TB_ATIVO"
    ADD CONSTRAINT "TB_ATIVO_cliente_id_74ad7eaa_fk_TB_CLIENTE_id" FOREIGN KEY (cliente_id) REFERENCES public."TB_CLIENTE"(id) DEFERRABLE INITIALLY DEFERRED;


--
-- Name: TB_CHAMADO_TECNICO TB_CHAMADO_TECNICO_chamado_id_1dceea38_fk_TB_CHAMADO_id; Type: FK CONSTRAINT; Schema: public; Owner: cyrius_admin
--

ALTER TABLE ONLY public."TB_CHAMADO_TECNICO"
    ADD CONSTRAINT "TB_CHAMADO_TECNICO_chamado_id_1dceea38_fk_TB_CHAMADO_id" FOREIGN KEY (chamado_id) REFERENCES public."TB_CHAMADO"(id) DEFERRABLE INITIALLY DEFERRED;


--
-- Name: TB_CHAMADO_TECNICO TB_CHAMADO_TECNICO_tecnico_id_1dc9f986_fk_TB_EQUIPE_id; Type: FK CONSTRAINT; Schema: public; Owner: cyrius_admin
--

ALTER TABLE ONLY public."TB_CHAMADO_TECNICO"
    ADD CONSTRAINT "TB_CHAMADO_TECNICO_tecnico_id_1dc9f986_fk_TB_EQUIPE_id" FOREIGN KEY (tecnico_id) REFERENCES public."TB_EQUIPE"(id) DEFERRABLE INITIALLY DEFERRED;


--
-- Name: TB_CHAMADO TB_CHAMADO_ativo_id_254b35c0_fk_TB_ATIVO_id; Type: FK CONSTRAINT; Schema: public; Owner: cyrius_admin
--

ALTER TABLE ONLY public."TB_CHAMADO"
    ADD CONSTRAINT "TB_CHAMADO_ativo_id_254b35c0_fk_TB_ATIVO_id" FOREIGN KEY (ativo_id) REFERENCES public."TB_ATIVO"(id) DEFERRABLE INITIALLY DEFERRED;


--
-- Name: TB_CHAMADO TB_CHAMADO_cliente_id_22c82154_fk_TB_CLIENTE_id; Type: FK CONSTRAINT; Schema: public; Owner: cyrius_admin
--

ALTER TABLE ONLY public."TB_CHAMADO"
    ADD CONSTRAINT "TB_CHAMADO_cliente_id_22c82154_fk_TB_CLIENTE_id" FOREIGN KEY (cliente_id) REFERENCES public."TB_CLIENTE"(id) DEFERRABLE INITIALLY DEFERRED;


--
-- Name: TB_CHAMADO TB_CHAMADO_tecnico_id_a49344be_fk_TB_EQUIPE_id; Type: FK CONSTRAINT; Schema: public; Owner: cyrius_admin
--

ALTER TABLE ONLY public."TB_CHAMADO"
    ADD CONSTRAINT "TB_CHAMADO_tecnico_id_a49344be_fk_TB_EQUIPE_id" FOREIGN KEY (tecnico_id) REFERENCES public."TB_EQUIPE"(id) DEFERRABLE INITIALLY DEFERRED;


--
-- Name: TB_CONTATO_CLIENTE TB_CONTATO_CLIENTE_cliente_id_a328526a_fk_TB_CLIENTE_id; Type: FK CONSTRAINT; Schema: public; Owner: cyrius_admin
--

ALTER TABLE ONLY public."TB_CONTATO_CLIENTE"
    ADD CONSTRAINT "TB_CONTATO_CLIENTE_cliente_id_a328526a_fk_TB_CLIENTE_id" FOREIGN KEY (cliente_id) REFERENCES public."TB_CLIENTE"(id) DEFERRABLE INITIALLY DEFERRED;


--
-- Name: TB_CONTA_EMAIL TB_CONTA_EMAIL_cliente_id_d4da24e6_fk_TB_CLIENTE_id; Type: FK CONSTRAINT; Schema: public; Owner: cyrius_admin
--

ALTER TABLE ONLY public."TB_CONTA_EMAIL"
    ADD CONSTRAINT "TB_CONTA_EMAIL_cliente_id_d4da24e6_fk_TB_CLIENTE_id" FOREIGN KEY (cliente_id) REFERENCES public."TB_CLIENTE"(id) DEFERRABLE INITIALLY DEFERRED;


--
-- Name: TB_CONTRATO_CLIENTE TB_CONTRATO_CLIENTE_cliente_id_b0a6c60d_fk_TB_CLIENTE_id; Type: FK CONSTRAINT; Schema: public; Owner: cyrius_admin
--

ALTER TABLE ONLY public."TB_CONTRATO_CLIENTE"
    ADD CONSTRAINT "TB_CONTRATO_CLIENTE_cliente_id_b0a6c60d_fk_TB_CLIENTE_id" FOREIGN KEY (cliente_id) REFERENCES public."TB_CLIENTE"(id) DEFERRABLE INITIALLY DEFERRED;


--
-- Name: TB_DOCUMENTACAO_TECNICA TB_DOCUMENTACAO_TECNICA_cliente_id_13e6f770_fk_TB_CLIENTE_id; Type: FK CONSTRAINT; Schema: public; Owner: cyrius_admin
--

ALTER TABLE ONLY public."TB_DOCUMENTACAO_TECNICA"
    ADD CONSTRAINT "TB_DOCUMENTACAO_TECNICA_cliente_id_13e6f770_fk_TB_CLIENTE_id" FOREIGN KEY (cliente_id) REFERENCES public."TB_CLIENTE"(id) DEFERRABLE INITIALLY DEFERRED;


--
-- Name: TB_EQUIPAMENTO_ENTRADA TB_EQUIPAMENTO_ENTRADA_chamado_id_810bad11_fk_TB_CHAMADO_id; Type: FK CONSTRAINT; Schema: public; Owner: cyrius_admin
--

ALTER TABLE ONLY public."TB_EQUIPAMENTO_ENTRADA"
    ADD CONSTRAINT "TB_EQUIPAMENTO_ENTRADA_chamado_id_810bad11_fk_TB_CHAMADO_id" FOREIGN KEY (chamado_id) REFERENCES public."TB_CHAMADO"(id) DEFERRABLE INITIALLY DEFERRED;


--
-- Name: TB_EQUIPE TB_EQUIPE_usuario_id_cec276c1_fk_auth_user_id; Type: FK CONSTRAINT; Schema: public; Owner: cyrius_admin
--

ALTER TABLE ONLY public."TB_EQUIPE"
    ADD CONSTRAINT "TB_EQUIPE_usuario_id_cec276c1_fk_auth_user_id" FOREIGN KEY (usuario_id) REFERENCES public.auth_user(id) DEFERRABLE INITIALLY DEFERRED;


--
-- Name: TB_FECHAMENTO_FINANCEIRO TB_FECHAMENTO_FINANC_fechado_por_id_160412f8_fk_auth_user; Type: FK CONSTRAINT; Schema: public; Owner: cyrius_admin
--

ALTER TABLE ONLY public."TB_FECHAMENTO_FINANCEIRO"
    ADD CONSTRAINT "TB_FECHAMENTO_FINANC_fechado_por_id_160412f8_fk_auth_user" FOREIGN KEY (fechado_por_id) REFERENCES public.auth_user(id) DEFERRABLE INITIALLY DEFERRED;


--
-- Name: TB_ITEM_SERVICO TB_ITEM_SERVICO_os_id_a5e75fd2_fk_TB_ORDEM_SERVICO_id; Type: FK CONSTRAINT; Schema: public; Owner: cyrius_admin
--

ALTER TABLE ONLY public."TB_ITEM_SERVICO"
    ADD CONSTRAINT "TB_ITEM_SERVICO_os_id_a5e75fd2_fk_TB_ORDEM_SERVICO_id" FOREIGN KEY (os_id) REFERENCES public."TB_ORDEM_SERVICO"(id) DEFERRABLE INITIALLY DEFERRED;


--
-- Name: TB_ITEM_SERVICO TB_ITEM_SERVICO_produto_id_b97c4ce2_fk_TB_PRODUTO_id; Type: FK CONSTRAINT; Schema: public; Owner: cyrius_admin
--

ALTER TABLE ONLY public."TB_ITEM_SERVICO"
    ADD CONSTRAINT "TB_ITEM_SERVICO_produto_id_b97c4ce2_fk_TB_PRODUTO_id" FOREIGN KEY (produto_id) REFERENCES public."TB_PRODUTO"(id) DEFERRABLE INITIALLY DEFERRED;


--
-- Name: TB_LANCAMENTO_FINANCEIRO TB_LANCAMENTO_FINANCEIRO_cliente_id_4388cfc8_fk_TB_CLIENTE_id; Type: FK CONSTRAINT; Schema: public; Owner: cyrius_admin
--

ALTER TABLE ONLY public."TB_LANCAMENTO_FINANCEIRO"
    ADD CONSTRAINT "TB_LANCAMENTO_FINANCEIRO_cliente_id_4388cfc8_fk_TB_CLIENTE_id" FOREIGN KEY (cliente_id) REFERENCES public."TB_CLIENTE"(id) DEFERRABLE INITIALLY DEFERRED;


--
-- Name: TB_LANCAMENTO_FINANCEIRO TB_LANCAMENTO_FINANCEIRO_tecnico_id_de3db911_fk_TB_EQUIPE_id; Type: FK CONSTRAINT; Schema: public; Owner: cyrius_admin
--

ALTER TABLE ONLY public."TB_LANCAMENTO_FINANCEIRO"
    ADD CONSTRAINT "TB_LANCAMENTO_FINANCEIRO_tecnico_id_de3db911_fk_TB_EQUIPE_id" FOREIGN KEY (tecnico_id) REFERENCES public."TB_EQUIPE"(id) DEFERRABLE INITIALLY DEFERRED;


--
-- Name: TB_LANCAMENTO_FINANCEIRO TB_LANCAMENTO_FINANC_fornecedor_id_c8ec4c99_fk_TB_FORNEC; Type: FK CONSTRAINT; Schema: public; Owner: cyrius_admin
--

ALTER TABLE ONLY public."TB_LANCAMENTO_FINANCEIRO"
    ADD CONSTRAINT "TB_LANCAMENTO_FINANC_fornecedor_id_c8ec4c99_fk_TB_FORNEC" FOREIGN KEY (fornecedor_id) REFERENCES public."TB_FORNECEDOR"(id) DEFERRABLE INITIALLY DEFERRED;


--
-- Name: TB_MOVIMENTACAO_ESTOQUE TB_MOVIMENTACAO_ESTOQUE_cliente_id_b37e38cc_fk_TB_CLIENTE_id; Type: FK CONSTRAINT; Schema: public; Owner: cyrius_admin
--

ALTER TABLE ONLY public."TB_MOVIMENTACAO_ESTOQUE"
    ADD CONSTRAINT "TB_MOVIMENTACAO_ESTOQUE_cliente_id_b37e38cc_fk_TB_CLIENTE_id" FOREIGN KEY (cliente_id) REFERENCES public."TB_CLIENTE"(id) DEFERRABLE INITIALLY DEFERRED;


--
-- Name: TB_MOVIMENTACAO_ESTOQUE TB_MOVIMENTACAO_ESTOQUE_produto_id_9c960ec7_fk_TB_PRODUTO_id; Type: FK CONSTRAINT; Schema: public; Owner: cyrius_admin
--

ALTER TABLE ONLY public."TB_MOVIMENTACAO_ESTOQUE"
    ADD CONSTRAINT "TB_MOVIMENTACAO_ESTOQUE_produto_id_9c960ec7_fk_TB_PRODUTO_id" FOREIGN KEY (produto_id) REFERENCES public."TB_PRODUTO"(id) DEFERRABLE INITIALLY DEFERRED;


--
-- Name: TB_MOVIMENTACAO_ESTOQUE TB_MOVIMENTACAO_ESTOQUE_usuario_id_4ffa0f1e_fk_auth_user_id; Type: FK CONSTRAINT; Schema: public; Owner: cyrius_admin
--

ALTER TABLE ONLY public."TB_MOVIMENTACAO_ESTOQUE"
    ADD CONSTRAINT "TB_MOVIMENTACAO_ESTOQUE_usuario_id_4ffa0f1e_fk_auth_user_id" FOREIGN KEY (usuario_id) REFERENCES public.auth_user(id) DEFERRABLE INITIALLY DEFERRED;


--
-- Name: TB_MOVIMENTACAO_ESTOQUE TB_MOVIMENTACAO_ESTO_fornecedor_id_2bd26b54_fk_TB_FORNEC; Type: FK CONSTRAINT; Schema: public; Owner: cyrius_admin
--

ALTER TABLE ONLY public."TB_MOVIMENTACAO_ESTOQUE"
    ADD CONSTRAINT "TB_MOVIMENTACAO_ESTO_fornecedor_id_2bd26b54_fk_TB_FORNEC" FOREIGN KEY (fornecedor_id) REFERENCES public."TB_FORNECEDOR"(id) DEFERRABLE INITIALLY DEFERRED;


--
-- Name: TB_NOTIFICACAO TB_NOTIFICACAO_destinatario_id_d8b3616a_fk_auth_user_id; Type: FK CONSTRAINT; Schema: public; Owner: cyrius_admin
--

ALTER TABLE ONLY public."TB_NOTIFICACAO"
    ADD CONSTRAINT "TB_NOTIFICACAO_destinatario_id_d8b3616a_fk_auth_user_id" FOREIGN KEY (destinatario_id) REFERENCES public.auth_user(id) DEFERRABLE INITIALLY DEFERRED;


--
-- Name: TB_ORDEM_SERVICO TB_ORDEM_SERVICO_ativo_id_38319679_fk_TB_ATIVO_id; Type: FK CONSTRAINT; Schema: public; Owner: cyrius_admin
--

ALTER TABLE ONLY public."TB_ORDEM_SERVICO"
    ADD CONSTRAINT "TB_ORDEM_SERVICO_ativo_id_38319679_fk_TB_ATIVO_id" FOREIGN KEY (ativo_id) REFERENCES public."TB_ATIVO"(id) DEFERRABLE INITIALLY DEFERRED;


--
-- Name: TB_ORDEM_SERVICO TB_ORDEM_SERVICO_cliente_id_9853d33f_fk_TB_CLIENTE_id; Type: FK CONSTRAINT; Schema: public; Owner: cyrius_admin
--

ALTER TABLE ONLY public."TB_ORDEM_SERVICO"
    ADD CONSTRAINT "TB_ORDEM_SERVICO_cliente_id_9853d33f_fk_TB_CLIENTE_id" FOREIGN KEY (cliente_id) REFERENCES public."TB_CLIENTE"(id) DEFERRABLE INITIALLY DEFERRED;


--
-- Name: TB_ORDEM_SERVICO TB_ORDEM_SERVICO_tecnico_responsavel__8fd509fd_fk_TB_EQUIPE; Type: FK CONSTRAINT; Schema: public; Owner: cyrius_admin
--

ALTER TABLE ONLY public."TB_ORDEM_SERVICO"
    ADD CONSTRAINT "TB_ORDEM_SERVICO_tecnico_responsavel__8fd509fd_fk_TB_EQUIPE" FOREIGN KEY (tecnico_responsavel_id) REFERENCES public."TB_EQUIPE"(id) DEFERRABLE INITIALLY DEFERRED;


--
-- Name: TB_PROVEDOR_INTERNET TB_PROVEDOR_INTERNET_cliente_id_211161e7_fk_TB_CLIENTE_id; Type: FK CONSTRAINT; Schema: public; Owner: cyrius_admin
--

ALTER TABLE ONLY public."TB_PROVEDOR_INTERNET"
    ADD CONSTRAINT "TB_PROVEDOR_INTERNET_cliente_id_211161e7_fk_TB_CLIENTE_id" FOREIGN KEY (cliente_id) REFERENCES public."TB_CLIENTE"(id) DEFERRABLE INITIALLY DEFERRED;


--
-- Name: auth_group_permissions auth_group_permissio_permission_id_84c5c92e_fk_auth_perm; Type: FK CONSTRAINT; Schema: public; Owner: cyrius_admin
--

ALTER TABLE ONLY public.auth_group_permissions
    ADD CONSTRAINT auth_group_permissio_permission_id_84c5c92e_fk_auth_perm FOREIGN KEY (permission_id) REFERENCES public.auth_permission(id) DEFERRABLE INITIALLY DEFERRED;


--
-- Name: auth_group_permissions auth_group_permissions_group_id_b120cbf9_fk_auth_group_id; Type: FK CONSTRAINT; Schema: public; Owner: cyrius_admin
--

ALTER TABLE ONLY public.auth_group_permissions
    ADD CONSTRAINT auth_group_permissions_group_id_b120cbf9_fk_auth_group_id FOREIGN KEY (group_id) REFERENCES public.auth_group(id) DEFERRABLE INITIALLY DEFERRED;


--
-- Name: auth_permission auth_permission_content_type_id_2f476e4b_fk_django_co; Type: FK CONSTRAINT; Schema: public; Owner: cyrius_admin
--

ALTER TABLE ONLY public.auth_permission
    ADD CONSTRAINT auth_permission_content_type_id_2f476e4b_fk_django_co FOREIGN KEY (content_type_id) REFERENCES public.django_content_type(id) DEFERRABLE INITIALLY DEFERRED;


--
-- Name: auth_user_groups auth_user_groups_group_id_97559544_fk_auth_group_id; Type: FK CONSTRAINT; Schema: public; Owner: cyrius_admin
--

ALTER TABLE ONLY public.auth_user_groups
    ADD CONSTRAINT auth_user_groups_group_id_97559544_fk_auth_group_id FOREIGN KEY (group_id) REFERENCES public.auth_group(id) DEFERRABLE INITIALLY DEFERRED;


--
-- Name: auth_user_groups auth_user_groups_user_id_6a12ed8b_fk_auth_user_id; Type: FK CONSTRAINT; Schema: public; Owner: cyrius_admin
--

ALTER TABLE ONLY public.auth_user_groups
    ADD CONSTRAINT auth_user_groups_user_id_6a12ed8b_fk_auth_user_id FOREIGN KEY (user_id) REFERENCES public.auth_user(id) DEFERRABLE INITIALLY DEFERRED;


--
-- Name: auth_user_user_permissions auth_user_user_permi_permission_id_1fbb5f2c_fk_auth_perm; Type: FK CONSTRAINT; Schema: public; Owner: cyrius_admin
--

ALTER TABLE ONLY public.auth_user_user_permissions
    ADD CONSTRAINT auth_user_user_permi_permission_id_1fbb5f2c_fk_auth_perm FOREIGN KEY (permission_id) REFERENCES public.auth_permission(id) DEFERRABLE INITIALLY DEFERRED;


--
-- Name: auth_user_user_permissions auth_user_user_permissions_user_id_a95ead1b_fk_auth_user_id; Type: FK CONSTRAINT; Schema: public; Owner: cyrius_admin
--

ALTER TABLE ONLY public.auth_user_user_permissions
    ADD CONSTRAINT auth_user_user_permissions_user_id_a95ead1b_fk_auth_user_id FOREIGN KEY (user_id) REFERENCES public.auth_user(id) DEFERRABLE INITIALLY DEFERRED;


--
-- Name: django_admin_log django_admin_log_content_type_id_c4bce8eb_fk_django_co; Type: FK CONSTRAINT; Schema: public; Owner: cyrius_admin
--

ALTER TABLE ONLY public.django_admin_log
    ADD CONSTRAINT django_admin_log_content_type_id_c4bce8eb_fk_django_co FOREIGN KEY (content_type_id) REFERENCES public.django_content_type(id) DEFERRABLE INITIALLY DEFERRED;


--
-- Name: django_admin_log django_admin_log_user_id_c564eba6_fk_auth_user_id; Type: FK CONSTRAINT; Schema: public; Owner: cyrius_admin
--

ALTER TABLE ONLY public.django_admin_log
    ADD CONSTRAINT django_admin_log_user_id_c564eba6_fk_auth_user_id FOREIGN KEY (user_id) REFERENCES public.auth_user(id) DEFERRABLE INITIALLY DEFERRED;


--
-- PostgreSQL database dump complete
--

\unrestrict oPcjYjgEStXLwaAFCZcNFUY8tIaRQvbAA3dqjqJF3Bs1shkUXJNXaYefMyJSOe5

